xlsx_row_no,matched,source_kind,source_district,source_housing_name,source_housing_type,source_gender,source_supply,source_applicants,source_competition_ratio,actual_winning_rank,actual_winning_score,pred_win_rate_at_winning_cut,pred_reserve_rate_at_winning_cut,winning_cut_check_50,winning_cut_check_70,actual_reserve_rank,actual_reserve_score,pred_win_rate_at_reserve_cut,pred_reserve_rate_at_reserve_cut,reserve_cut_check_50,reserve_cut_check_70,source_address
10,Y,재공급,강남구,백년빌,,,1,283,283.0,1순위,8,0.847916,0.885521,통과,통과,,,,,,,"서울특별시 강남구 개포로24길 13 (개포동 1216-7, 백년빌)"
11,Y,재공급,강남구,백년빌,,,1,226,226.0,1순위,8,0.846449,0.885628,통과,통과,1순위,5,0.558933,0.591298,통과,미달,"서울특별시 강남구 도곡로18길 10 (도곡동 547-11, 백년빌)"
12,Y,재공급,강남구,백년빌,,,1,167,167.0,1순위,3,0.360562,0.404849,미달,미달,1순위,3,0.361756,0.402312,미달,미달,"서울특별시 강남구 학동로20길 63-6 (논현동 158-26, 백년빌)"
13,Y,재공급,강남구,희준빌,31B,,1,276,276.0,1순위,9,0.897337,0.912757,통과,통과,1순위,8,0.847513,0.88516,통과,통과,"서울특별시 강남구 논현로121길 35 (논현동 173-5, 희준빌)"
14,Y,재공급,강동구,와이디하우스,38A,,3,115,38.3,1순위,2,0.197128,0.249895,미달,미달,2순위,6,0.342148,0.740114,통과,통과,"서울특별시 강동구 구천면로35길 27 (천호동 391-21,26, 와이디하우스)"
15,Y,재공급,강동구,은슬림7,26A,,1,34,34.0,1순위,3,0.368075,0.407204,미달,미달,2순위,6,0.311884,0.717806,통과,통과,"서울특별시 강동구 진황도로23길 20-1 (천호동 541-2,3, 은슬림7)"
16,Y,재공급,강동구,은슬림7,26B,,1,49,49.0,2순위,8,0.353935,0.773447,미달,미달,,,,,,,"서울특별시 강동구 진황도로23길 20-1 (천호동 541-2,3, 은슬림7)"
17,Y,재공급,강동구,은슬림8,30A,,1,37,37.0,1순위,6,0.663277,0.724904,통과,미달,1순위,3,0.359579,0.404191,미달,미달,"서울특별시 강동구 진황도로23길 22 (천호동 541외, 은슬림8 )"
18,Y,재공급,강동구,WISH희망,29B,,1,38,38.0,1순위,3,0.361042,0.401703,미달,미달,,,,,,,"서울특별시 강동구 천호대로168다길 6 (성내동 155-6, WISH희망)"
19,Y,재공급,강동구,Hwells PARK 천호1,27A,,2,63,31.5,1순위,5,0.55904,0.589357,통과,미달,2순위,6,0.37092,0.745511,통과,통과,"서울특별시 강동구 진황도로29길 35-3 (천호동 167-32, Hwells PARK 천호1)"
20,Y,재공급,강동구,현도빌리지5,29B,,2,41,20.5,2순위,6,0.47326,0.744336,미달,미달,2순위,3,0.191323,0.376459,미달,미달,"서울특별시 강동구 아리수로66길 14 (고덕동 532-1, 현도빌리지5)"
21,Y,재공급,강동구,현도빌리지5,43A,,1,43,43.0,2순위,8,0.379923,0.818308,미달,미달,2순위,6,0.279215,0.647104,통과,미달,"서울특별시 강동구 아리수로66길 14 (고덕동 532-1, 현도빌리지5)"
22,Y,재공급,강동구,허브빌,36A,,1,57,57.0,1순위,8,0.846813,0.885367,통과,통과,1순위,2,0.194223,0.24847,미달,미달,"서울특별시 강동구 올림픽로98가길 31-6 (암사동 493-15, 허브빌)"
23,Y,재공급,강동구,해담빌,29A,남성,1,27,27.0,2순위,8,0.475104,0.929043,미달,미달,2순위,8,0.477289,0.92985,통과,통과,"서울특별시 강동구 구천면로40길 7 (천호동 237-27, 해담빌)"
24,Y,재공급,강동구,강동서영스윗홈,35A,,2,136,68.0,2순위,8,0.313592,0.70163,미달,미달,,,,,,,"서울특별시 강동구 천중로48길 9-13 (길동 349-9, 강동서영스윗홈)"
25,Y,재공급,강동구,WISH희망,40A,,2,344,172.0,1순위,9,0.897627,0.91295,통과,통과,1순위,7,0.708973,0.74741,통과,통과,"서울특별시 강동구 천호옛8길 3 (성내동 127-13, WISH희망)"
26,Y,신규공급,강동구,와이디하우스2차,28B,,4,109,27.3,2순위,8,0.596603,0.930287,통과,미달,2순위,5,0.301975,0.580887,통과,미달,"서울특별시 강동구 구천면로35길 24-9 (천호동 299-13, 14, 와이디하우스2차)"
27,Y,신규공급,강동구,와이디하우스2차,36A,,8,534,66.8,1순위,5,0.55829,0.585789,통과,미달,2순위,8,0.339343,0.748953,통과,통과,"서울특별시 강동구 구천면로35길 24-9 (천호동 299-13, 14, 와이디하우스2차)"
28,Y,신규공급,강동구,와이디하우스2차,39A,,4,358,89.5,1순위,8,0.847964,0.886067,통과,통과,1순위,7,0.70423,0.747756,통과,통과,"서울특별시 강동구 구천면로35길 24-9 (천호동 299-13, 14, 와이디하우스2차)"
29,Y,신규공급,강동구,플래티넘7,29A,,38,4656,122.5,1순위,6,0.658695,0.721981,통과,미달,1순위,5,0.557634,0.590679,통과,미달,"서울특별시 강동구 진황도로27가길 21 (천호동 191-15, 플래티넘7)"
30,Y,신규공급,강동구,상일프라임,23A,,10,151,15.1,2순위,6,0.658458,0.741493,통과,미달,2순위,5,0.487118,0.586535,통과,미달,"서울특별시 강동구 상일로5길 10-5 (상일동 274-5, 상일프라임)"
31,Y,신규공급,강동구,상일프라임,29A,,9,168,18.7,2순위,8,0.776131,0.929408,통과,통과,2순위,5,0.412122,0.579172,통과,미달,"서울특별시 강동구 상일로5길 10-5 (상일동 274-5, 상일프라임)"
32,Y,재공급,강북구,홍원하이빌강북7,21B,,1,14,14.0,1순위,2,0.194754,0.243586,미달,미달,2순위,3,0.179725,0.377179,미달,미달,"서울특별시 강북구 삼양로119길 22 (수유동 313-6, 홍원하이빌강북7)"
33,Y,신규공급,강북구,미래하이츠,28B,,4,115,28.8,2순위,9,0.596834,0.948064,통과,미달,2순위,5,0.294182,0.58139,통과,미달,"서울특별시 강북구 수유로23길 31 (수유동 1-4, 미래하이츠)"
34,Y,신규공급,강북구,미래하이츠,38A,,3,157,52.3,1순위,6,0.660283,0.724944,통과,미달,1순위,3,0.361799,0.40639,미달,미달,"서울특별시 강북구 수유로23길 31 (수유동 1-4, 미래하이츠)"
35,Y,신규공급,강북구,미래하이츠,43A,,5,520,104.0,1순위,9,0.898576,0.912847,통과,통과,1순위,7,0.708401,0.748391,통과,통과,"서울특별시 강북구 수유로23길 31 (수유동 1-4, 미래하이츠)"
36,Y,신규공급,강북구,다드림12차,27B,,15,186,12.4,2순위,7,0.74265,0.771349,통과,통과,2순위,6,0.699818,0.746753,통과,통과,"서울특별시 강북구 인수봉로55길 33-22 (수유동 508-99 외 1필지, 다드림12차)"
37,Y,신규공급,강북구,다드림12차,35B,,1,15,15.0,2순위,8,0.601015,0.930481,통과,미달,2순위,5,0.316254,0.586936,통과,미달,"서울특별시 강북구 인수봉로55길 33-22 (수유동 508-99 외 1필지, 다드림12차)"
38,Y,재공급,관악구,STAY온-2,17B,,1,25,25.0,1순위,5,0.557733,0.590992,통과,미달,2순위,6,0.358615,0.745148,통과,통과,"서울특별시 관악구 남부순환로 1519 (신림동 507-22, STAY온-2)"
39,Y,재공급,관악구,STAY온-2,26B,,5,134,26.8,2순위,6,0.455732,0.742791,미달,미달,2순위,5,0.314588,0.577636,통과,미달,"서울특별시 관악구 남부순환로 1519 (신림동 507-22, STAY온-2)"
40,Y,재공급,관악구,신림파크빌,32A,,1,106,106.0,1순위,6,0.659783,0.723023,통과,미달,2순위,8,0.222979,0.518512,통과,미달,"서울특별시 관악구 남부순환로155길 30 (신림동 505-10, 신림파크빌)"
41,Y,재공급,관악구,하임,44C,,1,194,194.0,1순위,8,0.84721,0.885352,통과,통과,,,,,,,"서울특별시 관악구 난곡로30길 23 (신림동 624-34, 하임)"
42,Y,신규공급,관악구,스테이온III,26B,,19,1387,73.0,1순위,5,0.557291,0.592019,통과,미달,1순위,2,0.190013,0.245253,미달,미달,"서울특별시 관악구 남부순환로 1542 (신림동 1577-33, 스테이온III)"
43,Y,신규공급,관악구,T&K신림 II,27B,,12,463,38.6,1순위,2,0.194761,0.249506,미달,미달,2순위,8,0.494522,0.929763,통과,통과,"서울특별시 관악구 시흥대로160길 39 (신림동 1663-21, T&K신림II)"
44,Y,신규공급,관악구,T&K신림 II,39A,,3,494,164.7,1순위,8,0.847843,0.885725,통과,통과,1순위,6,0.661248,0.722924,통과,통과,"서울특별시 관악구 시흥대로160길 39 (신림동 1663-21, T&K신림II)"
45,Y,신규공급,관악구,T&K신림 II,44A,,2,738,369.0,1순위,9,0.896957,0.912597,통과,통과,1순위,8,0.847888,0.884946,통과,통과,"서울특별시 관악구 시흥대로160길 39 (신림동 1663-21, T&K신림II)"
46,Y,재공급,광진구,구의에스하임1,,여성,1,444,444.0,1순위,8,0.847437,0.885492,통과,통과,1순위,6,0.661195,0.722841,통과,통과,"서울특별시 광진구 광나루로30나길 15 (구의동 638-5,6, 구의에스하임1)"
47,Y,재공급,광진구,자양에스하임11,,남성,1,389,389.0,1순위,8,0.847171,0.88561,통과,통과,1순위,6,0.658085,0.723536,통과,통과,"서울특별시 광진구 아차산로46가길 10-3 (자양동 218-9, 자양에스하임11)"
48,Y,재공급,구로구,에이스빌,,,1,17,17.0,,,,,,,,,,,,,"서울특별시 구로구 경인로33가길 25 (개봉동 147-3외, 에이스빌)"
49,Y,재공급,구로구,계림웨스트밸리,49A,,10,1587,158.7,1순위,6,0.660955,0.723769,통과,미달,1순위,3,0.357536,0.405487,미달,미달,"서울특별시 구로구 경인로 70 (오류동 360, 계림웨스트밸리)"
50,Y,재공급,구로구,명진하이빌,20B,,1,12,12.0,2순위,6,0.474476,0.74651,미달,미달,2순위,4,0.217312,0.424339,미달,미달,"서울특별시 구로구 부일로17길 44 (궁동 190-84,85, 명진하이빌)"
51,Y,재공급,구로구,명진하이빌,24B,,2,23,11.5,2순위,7,0.64926,0.76066,통과,미달,2순위,4,0.28407,0.427057,미달,미달,"서울특별시 구로구 부일로17길 44 (궁동 190-84,85, 명진하이빌)"
52,Y,재공급,구로구,명진하이빌,29B,,1,15,15.0,2순위,9,0.629576,0.948022,통과,미달,2순위,5,0.312559,0.588022,통과,미달,"서울특별시 구로구 부일로17길 44 (궁동 190-84,85, 명진하이빌)"
53,Y,재공급,구로구,모던하우스,28B,,3,57,19.0,2순위,7,0.55733,0.763784,통과,미달,2순위,5,0.366443,0.587196,통과,미달,"서울특별시 구로구 개봉로15길 36-25 (개봉동 332-32,4, 모던하우스)"
54,Y,재공급,구로구,석윤주택,20B,,2,20,10.0,2순위,8,0.838069,0.930066,통과,통과,2순위,4,0.301942,0.420638,미달,미달,"서울특별시 구로구 고척로21가길 2-9 (개봉동 33-125, 석윤주택)"
55,Y,재공급,구로구,하늘사랑채,36A,,1,48,48.0,1순위,5,0.561331,0.590092,통과,미달,2순위,8,0.359591,0.784647,통과,통과,"서울특별시 구로구 고척로21가길 32-10 (개봉동 33-72, 하늘사랑채)"
56,Y,재공급,구로구,하늘사랑채5차 B동,19B,,3,40,13.3,2순위,5,0.453736,0.584907,미달,미달,2순위,3,0.266338,0.373031,미달,미달,"서울특별시 구로구 고척로27다길 39-7 (고척동 241-116, 하늘사랑채5차 B동)"
57,Y,재공급,구로구,하늘사랑채 7차,19B,,1,20,20.0,2순위,8,0.541397,0.929771,통과,미달,2순위,5,0.274083,0.578278,통과,미달,"서울특별시 구로구 안양천로537가길 18-8 (고척동 62-85, 하늘사랑채 7차)"
58,Y,재공급,구로구,대정이오스,29B,,3,118,39.3,2순위,6,0.333833,0.742298,미달,미달,2순위,5,0.235376,0.587002,통과,미달,"서울특별시 구로구 오리로13길 50 (오류동 240-7, 대정이오스)"
59,Y,신규공급,구로구,오크트리빌 구로 1차,26A,,1,35,35.0,1순위,3,0.364717,0.404338,미달,미달,1순위,3,0.363546,0.402824,미달,미달,"서울특별시 구로구 구로중앙로28다길 46 (구로동 546-17외, 오크트리빌 구로 1차)"
60,Y,신규공급,구로구,오크트리빌 구로 1차,28A,,14,1367,97.6,1순위,5,0.556711,0.590505,통과,미달,1순위,4,0.39758,0.465417,미달,미달,"서울특별시 구로구 구로중앙로28다길 46 (구로동 546-17외, 오크트리빌 구로 1차)"
61,Y,신규공급,구로구,오크트리빌 구로 1차,29A,,2,103,51.5,1순위,7,0.708678,0.749522,통과,통과,2순위,6,0.272904,0.640416,통과,미달,"서울특별시 구로구 구로중앙로28다길 46 (구로동 546-17외, 오크트리빌 구로 1차)"
62,Y,신규공급,구로구,오크트리빌 구로 1차,29B,,1,61,61.0,2순위,6,0.228443,0.541842,미달,미달,,,,,,,"서울특별시 구로구 구로중앙로28다길 46 (구로동 546-17외, 오크트리빌 구로 1차)"
63,Y,신규공급,구로구,오크트리빌 구로 1차,42A,,1,296,296.0,1순위,10,0.926512,0.935385,통과,통과,1순위,6,0.661575,0.721746,통과,통과,"서울특별시 구로구 구로중앙로28다길 46 (구로동 546-17외, 오크트리빌 구로 1차)"
64,Y,재공급,금천구,서전하우스,21B,,6,71,11.8,2순위,6,0.700846,0.744133,통과,통과,2순위,3,0.308872,0.375477,미달,미달,"서울특별시 금천구 범안로12가길 31-10 (독산동 1006-167, 서전하우스)"
65,Y,재공급,금천구,아이빌10차,28B,,1,16,16.0,2순위,8,0.588893,0.92985,통과,미달,2순위,5,0.300488,0.586626,통과,미달,"서울특별시 금천구 금하로23나길 29 (시흥동 826-38, 아이빌10차)"
66,Y,재공급,금천구,독산리젠트빌,26A,,1,92,92.0,1순위,6,0.66008,0.723685,통과,미달,2순위,8,0.242703,0.561081,통과,미달,"서울특별시 금천구 벚꽃로12길 19 (독산동 1004-8, 독산리젠트빌)"
67,Y,재공급,금천구,아이유하임,29B,,30,682,22.7,2순위,6,0.537488,0.742951,통과,미달,,,,,,,"서울특별시 금천구 독산로 293 (독산동 1162, 아이유하임)"
68,Y,재공급,금천구,스타힐스,28B,,1,55,55.0,2순위,8,0.329457,0.731141,미달,미달,2순위,6,0.246588,0.578351,통과,미달,"서울특별시 금천구 독산로23길 19 (시흥동 840-34, 89, 스타힐스)"
69,Y,재공급,금천구,은슬림10,19B,,15,87,5.8,2순위,3,0.309677,0.376911,미달,미달,2순위,0,0.046816,0.062421,미달,미달,"서울특별시 금천구 탑골로7길 11 (시흥동 220-116, 은슬림10)"
70,Y,재공급,금천구,쥬빌리2차 제1동,,,4,301,75.3,1순위,0,0,0.084997,미달,미달,2순위,8,0.302223,0.679204,통과,미달,"서울특별시 금천구 범안로12길 50 (독산동 1005-3, 쥬빌리2차 제1동)"
71,Y,재공급,금천구,쥬빌리2차 제2동,,,2,72,36.0,2순위,8,0.466813,0.928501,미달,미달,2순위,5,0.231001,0.582533,통과,미달,"서울특별시 금천구 범안로12길 50 (독산동 1005-3, 쥬빌리2차 제2동)"
72,Y,신규공급,금천구,서전하우스,23B,,11,161,14.6,2순위,6,0.672894,0.745171,통과,미달,2순위,5,0.501177,0.58341,통과,미달,"서울특별시 금천구 범안로12길 29-34 (독산동 1006-143 외 1필지, 서전하우스)"
73,Y,신규공급,금천구,서전하우스,26B,,15,264,17.6,2순위,8,0.816291,0.930362,통과,통과,2순위,6,0.611199,0.742444,통과,통과,"서울특별시 금천구 범안로12길 29-34 (독산동 1006-143 외 1필지, 서전하우스)"
74,Y,신규공급,금천구,엠제트하우스,27B,,23,557,24.2,2순위,7,0.545781,0.763694,통과,미달,2순위,6,0.510782,0.749719,통과,통과,"서울특별시 금천구 범안로15길 8-13 (독산동 331-51, 엠제트하우스)"
75,Y,재공급,노원구,월계동참조은원룸,,,2,66,33.0,1순위,5,0.55767,0.592456,통과,미달,2순위,8,0.490638,0.930231,통과,통과,"서울특별시 노원구 초안산로2라길 3-5 (월계동 655-8,9, 월계동참조은원룸)"
76,Y,재공급,노원구,동원힐하스,,,1,120,120.0,1순위,9,0.897277,0.912658,통과,통과,1순위,6,0.662013,0.723715,통과,통과,"서울특별시 노원구 공릉로26길 28 (공릉동 645-16,17, 동원힐하스)"
77,Y,재공급,도봉구,온리유 가동,40A,,1,72,72.0,1순위,6,0.657876,0.720881,통과,미달,1순위,5,0.555603,0.587851,통과,미달,"서울특별시 도봉구 도당로13라길 61 (방학동 627-33, 온리유 가동)"
78,Y,재공급,동대문구,삼화에코빌2차 A동,34A,남성,1,111,111.0,1순위,3,0.361477,0.404854,미달,미달,1순위,2,0.194885,0.249892,미달,미달,"서울특별시 동대문구 답십리로65길 114 (장안동 287-7,9, 삼화에코빌2차 A동)"
79,Y,재공급,동대문구,삼화에코빌2차 B동,47C,여성,1,211,211.0,1순위,9,0.898101,0.91289,통과,통과,1순위,5,0.556065,0.591891,통과,미달,"서울특별시 동대문구 답십리로65길 114 (장안동 287-7,9, 삼화에코빌2차 B동)"
80,Y,재공급,동대문구,더존에이스빌 나동,56C,여성,2,656,328.0,1순위,9,0.897714,0.91276,통과,통과,1순위,8,0.848028,0.885296,통과,통과,"서울특별시 동대문구 천호대로89길 51 (장안동 445-3, 더존에이스빌 나동)"
81,Y,신규공급,동대문구,휘경 에스하임,26B,,76,3911,51.5,1순위,5,0.559259,0.589556,통과,미달,2순위,8,0.415031,0.87475,통과,통과,"서울특별시 동대문구 망우로 109 (휘경동 75-6, 휘경 에스하임)"
82,Y,신규공급,동대문구,휘경 에스하임,28B,,17,619,36.4,1순위,5,0.557594,0.589729,통과,미달,1순위,4,0.398324,0.464162,미달,미달,"서울특별시 동대문구 망우로 109 (휘경동 75-6, 휘경 에스하임)"
83,Y,재공급,마포구,진흥하임시티,,,1,541,541.0,1순위,9,0.898414,0.912613,통과,통과,1순위,8,0.846555,0.885394,통과,통과,"서울특별시 마포구 성미산로 21 (성산동 250-43, 진흥하임시티)"
84,Y,재공급,마포구,드림하우징,32A,,1,700,700.0,1순위,10,0.926539,0.935385,통과,통과,1순위,9,0.898916,0.912714,통과,통과,"서울특별시 마포구 와우산로21길 31-19 (서교동 364-13, 드림하우징)"
85,Y,재공급,서대문구,현인그린빌,,,2,36,18.0,2순위,8,0.667771,0.930175,통과,미달,2순위,3,0.207411,0.378455,미달,미달,"서울특별시 서대문구 홍은중앙로8길 9 (홍은동 9-108,109, 현인그린빌)"
86,Y,재공급,서대문구,더스페이스빌,,,2,51,25.5,2순위,8,0.566046,0.929598,통과,미달,2순위,5,0.290213,0.582296,통과,미달,"서울특별시 서대문구 증가로8길 68-24 (홍은동 411-5, 더스페이스빌)"
87,Y,재공급,서대문구,주영테크빌,,여성,3,80,26.7,2순위,6,0.436873,0.744107,미달,미달,2순위,5,0.299236,0.582684,통과,미달,"서울특별시 서대문구 증가로12가길 68 (북가좌동 5-92, 주영테크빌)"
88,Y,재공급,서대문구,제이씨아트빌2차,,여성,1,40,40.0,2순위,8,0.394362,0.842721,미달,미달,2순위,7,0.304617,0.683601,통과,미달,"서울특별시 서대문구 명지대5길 13 (남가좌동 3-68, 제이씨아트빌2차)"
89,Y,재공급,서대문구,르비앙.휴,,,1,36,36.0,2순위,5,0.212109,0.541514,미달,미달,2순위,5,0.210612,0.543214,통과,미달,"서울특별시 서대문구 포방터2다길 7 (홍은동 8-541,542,1411, 르비앙.휴)"
90,Y,재공급,서대문구,다움파크빌,,,2,88,44.0,2순위,9,0.434375,0.891707,미달,미달,2순위,8,0.414766,0.87415,통과,통과,"서울특별시 서대문구 증가로24가길 11 (북가좌동 2-74, 다움파크빌)"
91,Y,재공급,서대문구,YJ빌라,29A,,1,244,244.0,1순위,6,0.660463,0.724227,통과,미달,,,,,,,"서울특별시 서대문구 응암로 142-18 (북가좌동 455-2, YJ빌라)"
92,Y,재공급,서대문구,D&D house,29B,,3,716,238.7,1순위,9,0.897527,0.912847,통과,통과,1순위,6,0.660625,0.722469,통과,통과,"서울특별시 서대문구 연희로 168 (연희동 79-30, D&D house)"
93,Y,재공급,서초구,백년빌,,,4,518,129.5,1순위,5,0.558926,0.588978,통과,미달,1순위,3,0.361766,0.403092,미달,미달,"서울특별시 서초구 논현로5길 24-10 (양재동 395-10, 백년빌)"
94,Y,재공급,서초구,백년빌,,,2,171,85.5,1순위,6,0.659508,0.721716,통과,미달,1순위,5,0.556865,0.586223,통과,미달,"서울특별시 서초구 논현로7길 36 (양재동 392-20, 백년빌)"
95,Y,재공급,서초구,서초파크타운 B동,28B,,1,283,283.0,,,,,,,,,,,,,"서울특별시 서초구 반포대로5길 62 (서초동 1478-16, 서초파크타운 B동)"
96,Y,재공급,서초구,동우빌라트 서초,29B,,1,241,241.0,1순위,5,0.558357,0.589101,통과,미달,1순위,5,0.560611,0.590836,통과,미달,"서울특별시 서초구 효령로46길 32-5 (서초동 1481-14, 동우빌라트 서초)"
97,Y,재공급,서초구,반포삼이하우스,34A,,1,761,761.0,1순위,10,0.925881,0.935385,통과,통과,1순위,9,0.897384,0.912551,통과,통과,"서울특별시 서초구 주흥6길 33 (반포동 726-40, 반포삼이하우스)"
98,Y,재공급,성동구,S-하우스 B동,21B,,3,192,64.0,1순위,6,0.659618,0.720362,통과,미달,1순위,4,0.398706,0.464072,미달,미달,"서울특별시 성동구 고산자로17길 9-1 (마장동 564-7, S-하우스 B동)"
99,Y,신규공급,성동구,명칭없음,20B,,24,1023,42.6,2순위,9,0.493715,0.946359,미달,미달,2순위,8,0.477428,0.928689,통과,통과,"서울특별시 성동구 가람길 267 (용답동 238-7, 명칭없음)"
100,Y,신규공급,성동구,명칭없음,25B,,24,2223,92.6,1순위,5,0.559353,0.589257,통과,미달,1순위,4,0.40106,0.462205,미달,미달,"서울특별시 성동구 가람길 267 (용답동 238-7, 명칭없음)"
101,Y,재공급,성북구,정목빌,29B,,1,23,23.0,1순위,5,0.559335,0.590549,통과,미달,2순위,8,0.513736,0.930049,통과,통과,"서울특별시 성북구 장월로28길 49 (장위동 77-58외, 정목빌)"
102,Y,재공급,성북구,정목빌,39A,,1,40,40.0,1순위,8,0.847089,0.885013,통과,통과,1순위,3,0.359784,0.40182,미달,미달,"서울특별시 성북구 장월로28길 49 (장위동 77-58외, 정목빌)"
103,N,재공급,성북구,서도휴빌,,여성,,,,1순위,9,,,,,1순위,7,,,,,"서울특별시 성북구 장월로1마길 23 (하월곡동 231, 서도휴빌 103,105동)"
104,N,재공급,성북구,서도휴빌,,남성,,,,1순위,9,,,,,1순위,8,,,,,"서울특별시 성북구 장월로1마길 23 (하월곡동 231, 서도휴빌 101,102,107동)"
105,Y,재공급,송파구,파인빌2,35A,,1,528,528.0,1순위,8,0.847511,0.88544,통과,통과,1순위,8,0.848562,0.885171,통과,통과,"서울특별시 송파구 백제고분로42길 18-9 (송파동 91-1, 파인빌2)"
106,Y,재공급,송파구,유케이타운,23B,,1,116,116.0,1순위,5,0.55748,0.591069,통과,미달,,,,,,,"서울특별시 송파구 삼전로10길 54 (삼전동 116-3, 유케이타운)"
107,Y,재공급,송파구,다온에코하임,34A,,1,148,148.0,1순위,11,0.95575,0.956923,통과,통과,1순위,5,0.55719,0.586446,통과,미달,"서울특별시 송파구 거마로9길 24-5 (거여동 135-54외, 다온에코하임)"
108,Y,재공급,송파구,네스트137,25B,,3,202,67.3,2순위,8,0.324613,0.720954,미달,미달,2순위,8,0.321652,0.716429,통과,통과,"서울특별시 송파구 백제고분로48길 41-15 (방이동 137-10, 네스트137)"
109,Y,재공급,송파구,꿈꾸지오,24A,,1,320,320.0,1순위,8,0.847565,0.885019,통과,통과,1순위,8,0.847167,0.885544,통과,통과,"서울특별시 송파구 송파대로47길 6 (석촌동 182-4, 꿈꾸지오)"
110,Y,재공급,송파구,드림네스트,27B,,1,119,119.0,1순위,8,0.848632,0.886,통과,통과,1순위,6,0.66048,0.723328,통과,통과,"서울특별시 송파구 가락로5길 3-75 (석촌동 237-16외, 드림네스트)"
111,Y,재공급,송파구,영스테이,31B,,3,608,202.7,1순위,5,0.557645,0.589248,통과,미달,1순위,5,0.558411,0.588615,통과,미달,"서울특별시 송파구 올림픽로12길 52-8 (잠실동 214-6, 영스테이)"
112,Y,재공급,송파구,영스테이,40A,,1,717,717.0,1순위,10,0.926972,0.935385,통과,통과,1순위,9,0.898094,0.912609,통과,통과,"서울특별시 송파구 올림픽로12길 52-8 (잠실동 214-6, 영스테이)"
113,Y,재공급,송파구,서도휴빌,26B,,4,466,116.5,1순위,5,0.556828,0.588834,통과,미달,2순위,8,0.224023,0.522735,통과,미달,"서울특별시 송파구 문정로5길 3-36 (문정동 13-7, 서도휴빌)"
114,Y,재공급,송파구,송파누리빌,36A,,1,284,284.0,1순위,8,0.846778,0.884601,통과,통과,1순위,8,0.848785,0.885441,통과,통과,"서울특별시 송파구 백제고분로46길 41-7 (송파동 145-5, 송파누리빌)"
115,Y,재공급,양천구,에코리움빌,28B,,1,47,47.0,1순위,0,0,0.088023,미달,미달,,,,,,,"서울특별시 양천구 남부순환로56가길 14 (신월동 197-8, 에코리움빌)"
116,Y,재공급,양천구,에코리움빌,34A,,1,98,98.0,1순위,5,0.559337,0.590273,통과,미달,1순위,5,0.558577,0.587488,통과,미달,"서울특별시 양천구 남부순환로60길 12-10 (신월동 197-11외, 에코리움빌)"
117,Y,재공급,양천구,다온빌리지,39A,,3,667,222.3,1순위,8,0.847428,0.885046,통과,통과,1순위,6,0.661207,0.724174,통과,통과,"서울특별시 양천구 목동중앙본로20길 35 (목동 231-36, 다온빌리지)"
118,Y,재공급,양천구,T&K신정,29B,,2,228,114.0,1순위,8,0.847333,0.88475,통과,통과,1순위,5,0.558812,0.591102,통과,미달,"서울특별시 양천구 오목로38길 23-5 (신정동 960-21외, T&K신정)"
119,Y,재공급,영등포구,케이앰캐슬타운,20B,,2,310,155.0,1순위,7,0.707541,0.748268,통과,통과,1순위,5,0.557172,0.587492,통과,미달,"서울특별시 영등포구 선유서로26길 28 (양평동1가 208-1, 케이앰캐슬타운)"
120,Y,재공급,영등포구,경동파크빌,29B,,1,53,53.0,1순위,2,0.199041,0.247116,미달,미달,2순위,5,0.173573,0.446299,미달,미달,"서울특별시 영등포구 대림로35나길 14 (대림동 737-2, 경동파크빌)"
121,Y,재공급,영등포구,명지파크빌,28B,,1,28,28.0,2순위,6,0.344277,0.746802,미달,미달,2순위,5,0.238684,0.584465,통과,미달,"서울특별시 영등포구 대림로16길 9 (대림동 858-34외, 명지파크빌)"
122,Y,재공급,영등포구,명지파크빌,45A,,1,92,92.0,1순위,9,0.897566,0.912601,통과,통과,1순위,2,0.193374,0.25004,미달,미달,"서울특별시 영등포구 대림로16길 9 (대림동 858-34외, 명지파크빌)"
123,Y,재공급,영등포구,케이디하우스,28B,,2,617,308.5,1순위,6,0.66168,0.722607,통과,미달,1순위,5,0.558401,0.591244,통과,미달,"서울특별시 영등포구 영등포로35나길 5 (영등포동6가 30-5외, 케이디하우스)"
124,Y,재공급,영등포구,남양파크빌,32A,,2,155,77.5,1순위,7,0.710549,0.750099,통과,통과,1순위,3,0.361245,0.402341,미달,미달,"서울특별시 영등포구 도림로48길 9 (대림동 700-28, 남양파크빌)"
125,Y,재공급,영등포구,삼정주택,27B,,1,245,245.0,1순위,10,0.926385,0.935385,통과,통과,1순위,5,0.55773,0.58957,통과,미달,"서울특별시 영등포구 영신로47길 13-1 (당산동1가 230, 삼정주택)"
126,Y,재공급,영등포구,Oaktreevil DR2,27A,,7,224,32.0,2순위,8,0.557493,0.929734,통과,미달,2순위,6,0.407907,0.744485,통과,통과,"서울특별시 영등포구 대림로35길 8-1 (대림동 775-11, Oaktreevil DR2)"
127,Y,재공급,영등포구,민하우스2,29B,,3,71,23.7,2순위,6,0.462947,0.743884,미달,미달,2순위,5,0.326457,0.584472,통과,미달,"서울특별시 영등포구 가마산로46가길 5 (대림동 680-3, 민하우스2)"
128,Y,신규공급,영등포구,명칭없음,28B,,39,1279,32.8,2순위,7,0.446254,0.766199,미달,미달,2순위,7,0.449369,0.763943,통과,통과,"서울특별시 영등포구 대림로 203 (대림동 740-2, 명칭없음)"
129,Y,재공급,은평구,구산유앤아이하우스3,20B,,2,63,31.5,1순위,2,0.198732,0.244119,미달,미달,2순위,8,0.506382,0.929666,통과,통과,"서울특별시 은평구 연서로11길 29-10 (구산동 24-13, 구산유앤아이하우스3)"
130,Y,재공급,은평구,응암에코타운,27B,,6,574,95.7,1순위,5,0.553383,0.589315,통과,미달,2순위,8,0.258324,0.593162,통과,미달,"서울특별시 은평구 은평로16길 12 (응암동 72-6, 응암에코타운)"
131,Y,재공급,은평구,리츠하우스2,19B,,5,114,22.8,2순위,8,0.66723,0.930752,통과,미달,2순위,5,0.350415,0.584106,통과,미달,"서울특별시 은평구 갈현로11가길 14-4 (구산동 177-53, 리츠하우스2)"
132,Y,재공급,종로구,서도휴파크,18B,,22,1596,72.5,1순위,3,0.36806,0.406073,미달,미달,1순위,3,0.359141,0.402172,미달,미달,"서울특별시 종로구 종로 387 (숭인동 178-100, 서도휴파크)"
133,Y,재공급,종로구,다원빌,,여성,2,686,343.0,1순위,8,0.847801,0.884959,통과,통과,1순위,8,0.848481,0.88541,통과,통과,"서울특별시 종로구 지봉로12길 11 (숭인동 56-37, 다원빌)"
134,Y,재공급,중랑구,동일케슬,,여성,11,229,20.8,2순위,6,0.549678,0.744495,통과,미달,2순위,6,0.550646,0.744951,통과,통과,"서울특별시 중랑구 동일로148길 43 (묵동 128-60,61,68,69, 동일케슬)"
135,Y,재공급,중랑구,도원휴먼빌,18B,,4,74,18.5,2순위,7,0.588924,0.76594,통과,미달,2순위,5,0.390531,0.581329,통과,미달,"서울특별시 중랑구 동일로123길 76 (중화동 315-31, 도원휴먼빌)"
136,Y,재공급,중랑구,도원휴먼빌,19B,,3,51,17.0,2순위,8,0.73964,0.930077,통과,통과,2순위,5,0.395271,0.586052,통과,미달,"서울특별시 중랑구 동일로169가길 27 (묵동 235-32, 도원휴먼빌)"
137,Y,재공급,중랑구,서영스윗홈,24B,,2,64,32.0,1순위,2,0.190359,0.24764,미달,미달,2순위,5,0.254866,0.584283,통과,미달,"서울특별시 중랑구 상봉로20길 91 (망우동 460-4, 서영스윗홈)"
138,Y,재공급,중랑구,해마루빌리지,33A,,1,138,138.0,1순위,8,0.847944,0.885325,통과,통과,1순위,8,0.845575,0.884712,통과,통과,"서울특별시 중랑구 봉화산로2길 51 (중화동 461, 해마루빌리지)"
139,Y,신규공급,중랑구,드림빌,28B,,14,464,33.1,1순위,0,0,0.086315,미달,미달,2순위,8,0.553579,0.929862,통과,통과,"서울특별시 중랑구 숙선옹주로3길 20-3 (묵동 301-6, 드림빌)"
140,Y,신규공급,중랑구,드림빌,38A,,4,418,104.5,1순위,8,0.846841,0.884731,통과,통과,1순위,6,0.660283,0.724312,통과,통과,"서울특별시 중랑구 숙선옹주로3길 20-3 (묵동 301-6, 드림빌)"
