title,category,academic_background,concern,insight,received_at,published,featured,views,insta_id,gender,age_bucket
"사범계열(특수체육교육,체육교육 복수전공) 전공생의 손해사정사 준비 방향 고민",career,"지방대 / 사범계열(특수체육교육,체육교육 복수전공) / 대학교 4학년","학력/배경: 지방대 / 사범계열(특수체육교육,체육교육 복수전공) / 대학교 4학년
나이대: 20대 중반
성별: 남
재정상태: 공부할 수 있는 환경은 주어집니다
기초 정보: 영어 아직 토익없습니다 / 수학 수능 나형 4 (문과과목들 3이상, 탐구1)
원문 고민:
안녕하세요 영상보고 저도 상담 받아보고싶어 질문드립니다! 저는 지방대 사범대에 재학중인 4학년입니다. 간략하게 말씀드리면 교사를 하고싶다는 생각이 크지 않아 임용고시를 준비할 바에는 어차피 공부에 그만큼 투자할거면+돈도 더 벌지 않을까 라는 생각에 다른시험을 준비하는게 낫지않을까 라는 생각을 가지며 여러가지를 찾아보던중 흔히 말하는 8대 전문직은 너무 어려울거라 생각이 들었습니다. 그러던 도중 손해사정사라는 자격증을 알게됐는데 이거는 어떻게 보시나요? 혹시 아실까하여 고견을 여쭙고자 상담드립니다!",,2026-04-13T17:16:38Z,false,false,0,j.__bnh,남,20대 중반
정치외교 전공생의 감정평가사 방향 고민,professional,중경외시 / 정치외교 / 3학년,"학력/배경: 중경외시 / 정치외교 / 3학년
나이대: 20대 초반
성별: 여
재정상태: 부모님 용돈은 달에 80정도 받고 있고 제가 하고자 하는 일에 지원해주실 의향 있다 하십니다.
기초 정보: 영어 토익 920 / 수학 수능 확통 3등급
원문 고민:
학교 휴학 후 올해 1월부터 감정평가사 1차합을 목표로 3개월 간 공부하였으나 평균 6점 차이로 불합격하였습니다. 내년 동차를 목표로 1년을 휴학하고 한번 더 준비해야 할 지, 복학 후 공기업/사기업 목표로 바로 취준을 해야 할 지 정말 많은 고민이 됩니다. 대외활동은 1학년 때부터 로스쿨 목표로만 대외활동을 해서 아마 취준에 도움이 될 것 같지는 않습니다ㅠ학점은 3.8/4.3입니다. 한 가지 더 고민이 있다면 리스크가 있더라도 리트를 도전을 해봐야 할 지도 고민이 됩니다. 오랜 기간 변호사가 꿈이었지만 집리트 3개년 평균 110점으로 불확실한 점수가 나왔습니다. 리트신수설이라는 말도 있다보니, 졸업 전까지 리트만 붙잡고 있을 자신이 없어서 감평사를 준비하기 시작했습니다. 이런 상황에서 어떠한 길을 선택해야 할 지 막막합니다. 조언 주시면 정말 감사하겠습니다!!🙇‍♀️🙇‍♀️",,2026-04-13T17:23:49Z,false,false,0,ss__y00ni,여,20대 초반
회계세무학과 전공생의 세무사 방향 고민,professional,지방대 4년제 / 회계세무학과 / 3-2까지 수강 후 휴학 중입니다,"학력/배경: 지방대 4년제 / 회계세무학과 / 3-2까지 수강 후 휴학 중입니다
나이대: 20대 초반
성별: 여
재정상태: 인턴하며 모은 5-600만원이 있는 상황이며, 월 40만원씩 용돈 받고 있습니다! 아르바이트는 최근에 그만둔 상태입니다.
기초 정보: 영어 4년 전 토익 900 취득 후 현재 다시 공부 중입니다 / 수학 수능 수학 4등급 받았습니다 .. ㅎㅎ
원문 고민:
휴학 중인 04년생 23살 여학생입니다. 학부 과정 동안 금융권 대외활동을 두 차례 경험하며 금융, 특히 은행권에 관심을 갖게 되었습니다. (제 성향이 은행과 가장 잘 어울린다고 생각합니다.) 이후엔 공기업 경영지원팀에서 8개월간 인턴으로 근무했습니다. 그 과정에서 진로에 대해 다시 고민하게 되었고, 과거 세법학을 공부하며 가장 큰 흥미를 느꼈던 제 모습을 떠올리며 세무사의 길을 진지하게 고려하게 되었습니다. 그러던 중 선생님의 영상과 조언을 접하며 해당 직업의 현실과 전망에 깊이 공감하게 되었고, 현재 진입 여부를 신중히 고민하고 있는 상황입니다. 현재 보유 자격증은 전산회계 1급, ERP 인사, 회계 1급입니다. 토익은 고등학교 시절 900점을 취득한 경험이 있고, 현재는 4월 말 시험을 목표로 다시 준비 중입니다. 학점은 3.9/4.5입니다. 졸업까지는 22학점이 남아 있는 상태이며, 객관적으로 학벌이나 자격증 측면에서 뚜렷한 강점이 있다고 보긴 어려운 상황입니다. 이러한 조건에서 기존처럼 은행 취업을 목표로 신용분석사 등 금융 자격증을 준비하는 것이 나을지, 아니면 세무사 (전망이 별로라 하셔서 다른 전문직 시험도.. 고민 중입니다) 시험에 도전하는 것이 더 적합한 선택일지 고민이 깊어 이렇게 조언을 구하게 되었습니다…! 결과적으론 은행/공기업/세무사 3곳 중 고민인 것 같습니다…

추가 내용:
전망이 좋지 않은 세무사에 진입하느냐, 원래대로 은행을 준비하거나 좀 더 나아가 공기업까지 바라봐도 될 지 고민입니다. 추가적으로 가능하시다면 ncs나 필기시험 공부에 대한 조언도 듣고 싶습니다. Ex) 인강, 교재 등등 공부 방법 …",,2026-04-13T18:04:31Z,false,false,0,_sep_19th,여,20대 초반
취준의 진로 고민,career,건동홍 / 경찰행정/융합소프트웨어 / 취준,"학력/배경: 건동홍 / 경찰행정/융합소프트웨어 / 취준
나이대: 30대 초반
성별: 남
재정상태: 아르바이트를 하며 이직 준비 중 입니다!
기초 정보: 영어 - / 수학 수능 2등급
원문 고민:
인생상담 해주세용",,2026-04-13T23:14:26Z,false,false,0,gwangjin_goo,남,30대 초반
경영학과 전공생의 금융권 취업 준비 방향 고민,career,중경외시 / 경영학과 / 대학교 3학년 재학 중,"학력/배경: 중경외시 / 경영학과 / 대학교 3학년 재학 중
나이대: 20대 후반
성별: 남
재정상태: 군 복무를 하면서 1억 가까이 저축을 했고 부모님에게 재정적 지원은 보험료, 통신비 등 기본적인 것만 받고 있습니다.
기초 정보: 영어 960 / 수학 수능을 보지 않아서 잘 모르겠습니다
원문 고민:
안녕하세요! 지금 중앙대학교 경영학과에 편입해서 3학년 재학중인 27살입니다. 그 전에는, 7년 간 부사관으로 일하다가 전역했습니다. 금융권에 관심이 있었고 더 늦으면 기회가 없을 것 같아서 대학 편입을 준비했었습니다. 작년에 합격했는데 일하는 중이라 1년 휴학을 내고 올해부터 다니기 시작했습니다. 작년 동안에는 투자자산운용사, 외환전문역, adsp 자격증을 준비해서 취득했습니다. 시간이 2년 밖에 없고 나이도 있기 때문에 마음은 급한데 어떻게 시작해서 효율적인 결과를 끌어낼 수 있을지 고민입니다. 현재는 학교 다니면서 경제학회 동아리 1개, 창업동아리 활동을 하고 있고 마음 같아서는 2년 안에 인턴을 하고 싶습니다. 제 목표가 증권사인데 현실적으로 가능성이 있을지도 궁금하고 cfa와 같은 자격증을 따는게 좋을지 활동에 집중하는게 좋을지 방향성이 알고 싶습니다.",,2026-04-13T23:18:21Z,false,false,0,n.castle_1,남,20대 후반
"화학과->통계학과, 데이터사이언스학과로 편입하는게 괜찮을지 고민 학생의 편입…",major,"건동홍 / 화학과->통계학과, 데이터사이언스학과로 편입하는게 괜찮을지 고민 / 대학교 2학년 끝난후 휴학 편입 준비중","학력/배경: 건동홍 / 화학과->통계학과, 데이터사이언스학과로 편입하는게 괜찮을지 고민 / 대학교 2학년 끝난후 휴학 편입 준비중
나이대: 20대 중반
성별: 여
기초 정보: 영어 800 / 수학 미적 2등급
원문 고민:
안녕하세요. 피드에 도움되는 내용이 많아 둘러보던 중, 통계학쪽 공부하셨다고하여 상담드리고싶습니다. 전문직 관련 고민은 아니고, 학과 관련 고민입니다. 저는 현재 화학 전공하고있는 대학생이며 학벌과 학과 모두 마음에 들지 않아서 편입 준비중인 휴학생입니다. 이 전공을 유지할 경우 연구직으로 나가야하며, 지방의 공장에서 일해야한다는 점, 실험복을 입는 일이 하고싶지 않아서 과를 바꿔야겠다고 마음 먹었습니다. 데이터 분석(통계) 관련 수업을 들은적이 있는데 처음으로 흥미라는 걸 느꼈었습니다. 따라서 편입 원서를 통계학과, 데이터사이언스학과로 쓸 생각이었는데요. 추후에 데이터사이언티스트가 되고싶어서 대학원까지 갈 생각이었습니다. 그런데, 최근 컴공이 망했다며 데이터 분석쪽도 5년 내로 ai에게 전부 대체될 것이라며 데이터 쪽으로 가는 것은 바보라는 말을 들었습니다. 저는 신입을 뽑지 않는 것이 어느 하나의 전공 문제라기보다는 현재 대한민국 전반적으로 신입을 뽑지 않는 것이기에 그냥 하고싶은 거 하자는 마음이었는데요, 자꾸 그런 소리를 들으니 흔들려서 전문가의 관점을 듣고싶어졌습니다. 선생님께서는 어떻게 생각하시는지 궁금합니다. 읽어주셔서 감사합니다.

추가 내용:
만약 제가 데이터사이언스쪽으로 가기로 정한다면 인공지능학과를 써도 데사로 갈수있는지 궁금합니다. 통계나 데사가 설치되어있지 않는 학교가 있어서 질문드립니다.",,2026-04-14T00:13:38Z,false,false,0,bigongae2023,여,20대 중반
사범대학/유사 법학과 전공생의 감정평가사 방향 고민,professional,이화여대 / 사범대학/유사 법학과 / 대학교 2학년,"학력/배경: 이화여대 / 사범대학/유사 법학과 / 대학교 2학년
나이대: 20대 초반
성별: 여
재정상태: 부모님 용돈 달80 로스쿨 진학 및 취업 준비 지원 받을 예정
기초 정보: 영어 토익 890 / 수학 수능 확통 2등급
원문 고민:
안녕하세요! 늘 영상 잘 보고 있습니다. 진로 결정하는데 너무 큰 도움이 되고 있어요. 현재 이화여대 사범대학 2학넌 재학 중이고 유사 법학과를 복전하며 학점은 4.0/4.3입니다. 사범대에는 큰 뜻은 없고, 법조인이 오랜 꿈이여서 일단은 로스쿨을 1지망으로 생각하며 학점관리를 최우선으로 하고 있어요.(28,29 리트 응시 예정) 다만 리트가 적성을 많이 타는 시험이기도 해서 플랜비를 고민 중에 있습니다. 취업을 하려면 지금이라도 경영 복전이나 대외활동을 준비해야 하는데, 학점 관리와 병행하기가 어려울 것 같습니다. 그래서 로스쿨 입시 실패 시 감정평가사 진입을 고려하고자 하는데, 수능에서는 수학을 어느 정도 했으나, 대학에서 수학을 계속 하지 않은 상태에서 감정평가사 진입이 괜찮을지, 진입을 한다면 로스쿨 준비와 병행해도 될지, 그렇다면 언제부터 시작하는게 좋을지 고민됩니다! 정말 감사합니다!!

추가 내용:
또한 컨설팅 업계에도 관심이 많고 적성에도 꽤 맞는다고 생각했는데 학벌이 애매하고, 경영 복전도 아니며, 그렇다고 학회 등을 병행할 시간이 안 되는 제가 로스쿨 입시 실패 후에(진입한다면 30년도, 한국나이26살) 뒤늦게 컨설팅 업계에 뛰어드는 것이 현실적으로 괜찮을지도 궁금합니다..!",,2026-04-14T00:34:08Z,false,false,0,n.hye0n,여,20대 초반
경영 전공생의 감정평가사 방향 고민,professional,건동홍 / 경영 / 대졸,"학력/배경: 건동홍 / 경영 / 대졸
나이대: 20대 중반
성별: 남
재정상태: 수험생활 시 부모님 지원가능하며 개인자금도 충분함.
기초 정보: 영어 920 / 수학 현역 수능 나형 3등급
원문 고민:
안녕하세요. 우연히 알고리즘을 통해 릴스를 보았습니다. 전문직에 대해 현실적인 조언을 잘 해주시는 모습이 감명 깊었습니다. 저 역시 요즘 전문직 준비에 대해 고민이 많은 상황인데, 가능하다면 한 번 상담 받을 수 있을까 해서 DM남깁니다. 우선 현재 스펙은 아래와 같습니다. -학점: 4.28 / 4.5 -자격: 신분사, 투운사, ADsP, 한능검1, 외환전문역 2종 -어학: 토익 920 -경력: 주택금융공사 인턴 3개월 -경험: 금융 관련 교내외 대외활동 다수 ———- 니난 2월 졸업한 25 남자입니다. 은행과 증권사 취업을 목표로 대학 시절을 보냈는데요. 주금공 인턴을 계기로 감평사라는 직업에 대해 관심을 가지게 됐습니다. 하지만 섣불리 진입했다 나중에 좀 더 알아봐보고 시작할 걸…이라는 식의 후회하지 않도록 최대한 정보보를 수집하는 중입니다. 감평사 진입을 고려하게 된 계기는 다른 분들과 비슷할 거 같아 생략하고 어떤 부분에서 아직 고민을 가지고 있는지 말씀드리겠슴니다. 1. 사기업용으로 정성정량 스펙 잘 갖춰놓고 이제 와서 고시진입은 기회비용이 너무 크지 않냐는 주변의 만류입니다. 저도 이 부분에서 미련이 좀 남습니다. 2. 진입하게 된다면 내년 4월 1차 무조건 붙는다는 가정하에, 두번째 2차인 2028년 7월 시험까지 낙방하여 리셋당하게 되면 미련버리고 고시 포기할 계획입니다. 이 시점이 27살인데 위 스펙에서 나이만 27살로 바꾼다고 생각하면 어때 보이나요…? 고시생활을 포기하고 다시 취준생으로 돌린다고하면 몇살을 마지노선으로 보시는지 궁금합니다. 3. 감평사 1차에 경제학, 회계학이 있던데 공부하는 김에 올해 10월에 있을 공기업 경제직렬 한군데와 기업은행 필기를 쳐보는 것에 대해 어떻게 생각하시는지?다른 시험이면 고려도 안 했을텐데 감평사는 2차가 메인이고 1차는 비교적 6개월이면 준비가능하다는 얘기가 많아 여쭤봅니다. 4. 현재 주금공 인턴중입니다. 정규계약은 8월 31일까지인데 수험병행하여 수료까지 해버릴지, 아니면 늦어도 6월부터는 그만두고 공부에 집중할지 고민입니다. 중도퇴사할 경우 수료서는 안 나오고 경력증명서는 나옵니다. 인생분기점일 수도 있다고 생각하여… 실례인 걸 앎에도 긴 글을 남겼습니다. 읽어주셔서 감사합니다.",,2026-04-14T00:41:53Z,false,false,0,coy_han1211,남,20대 중반
경영학과 전공생의 금융권 취업 준비 방향 고민,career,건동홍 / 경영학과 / 대졸/무직,"학력/배경: 건동홍 / 경영학과 / 대졸/무직
나이대: 1990대 중반
성별: 남
재정상태: 현금 300
기초 정보: 영어 토익 950, 수능 상평 기준 1~2등급 / 수학 나형 2등급
원문 고민:
최근에 스토리를 보았는데, 9급 관련해서 언급하신 부분을 보고 상담 신청하게 되었습니다. 9급 시험을 준비해서 취업을 하고자 하며, 현재 시험에 대해서 알아보는 중입니다. 시험준비를 하려면 직렬을 정해야 하는데, 보편적인 인기있는 직렬을 선택하는것이 대부분 사람들이 하는 결정이지만, 성급한 결정 후에 면직이나 아니면 후회를 하시는 경우들을 유튜브에서 봐와서 알아 보고 있습니다. 직렬고민에 대한 point는 -공무원 퇴직 후 재취업을 해야 하는데 그떄 기반으로 전문성을 살릴수 있는가? -만약 탈공무원을 할 경우에 연결고리를 찾아서 이직을 할 수 있는 직렬? 입니다. 합격 걱정은 국가직 교행 아니면 마음잡고 노력하면 다 갈 수 있을것 같습니다. 오프라인으로 자문을 구할 사람은 주변에 없고 오히려 Vin님처럼 여러 방면에서 이직 등을 경험하시고 주관이 있으신 분이셔서 여쭤보게 되었습니다. 1. 추천하시거나 주관을 가지고 계시는 직렬이 있으신지? 2. 현재 만약 Vin님께서 제 상황/역량을 가진 상황에 처해있으시다면 어떤 생각을 하시면서 인생을 살아나가실 것인지 궁금합니다. (ex.취업 준비과정 시간 동안 또는 취업 후에는 어떻게 할것이다 등) (저보다 더 탁월하신 분으로부터 객관적으로 제 상황에 대한 자유로운 피드백을 받고 싶습니다) 감사합니다.",,2026-04-14T02:07:23Z,false,false,0,hashcrush_01,남,1990대 중반
국문/경영 전공생의 회계사 방향 고민,professional,서성한 / 국문/경영 / 4학년,"학력/배경: 서성한 / 국문/경영 / 4학년
나이대: 20대 중반
성별: 여
재정상태: 부모님 용돈+자취
기초 정보: 영어 X없음 / 수학 수학 나형 100점
원문 고민:
안녕하세요..! 회계사 초시 1차 떨어지고 재시 준비중인 학생입니다..! 여자 25이고 서성한 라인 재학중인데 초시점수가 생각보다 너무 많이 낮았어서요… 재시 준비 포기하고 취준하는게 나을까요..? 스펙은 거의 없는 상태입니다..! 어떤 정보를 드리면 될까용..? 일단 대학은 정시로 갔구 학점은 3점대 초중반 정도구.. 토익점수는 만료돼서 다시 따야합니다 그리고 학교생활은 동아리, 학회정도한게 스펙 다입니다ㅠ 초시는 200점대 나왔습니다ㅠ추가적으로 취업에 있어서는 희망 직무는 없고 아예 방향성이 안잡힌 상태입니다…그나마 자소서에 쓸만한내용이라 치면 경영학회하면서 공기업하고 산학협력한 경험 있습니다.. 지금은 4학년1학기 학교 다니면서 재시공부 병행중이고 재경관리사 신청해서 딸 예정입니다! 금융권이나 은행쪽 생각하면 뭘 준비해야할지 이런걸 아예 모르는 상황입니다🥹 만약에 내년에 재시도 떨어진다면 26살에 취준을 하는건 너무 늦은걸까요? 인턴한 것도 없어서 마음이 불안해서 여쭤봅니다ㅠㅠ원래는 그냥 다른생각말고 회계사준비만 하자 했었는데 1차를 너무 터무니없는 점수로 떨어지다보니 고민이 많아집니다..그렇다고 또 시험준비를 1년하고 포기하기도 아쉬워서 이도저도 못하고있네요🥹 지금 마음으러는 1치라도 붙어서 그걸로 대기업 회계팀 취업하고싶은 마음도 있습니다😭",,2026-04-14T03:24:03Z,false,false,0,ahttodrutdjnnn,여,20대 중반
디지털컨텐츠학과 전공생의 금융권 취업 준비 방향 고민,career,중경외시 / 디지털컨텐츠학과 / 재학/4학년1학기,"학력/배경: 중경외시 / 디지털컨텐츠학과 / 재학/4학년1학기
나이대: 20대 중반
성별: 여
재정상태: 아르바이트, 용돈 (넉넉하진 않으나 부족하진 않음)
기초 정보: 영어 오픽oh, 토익 없음 / 수학 수학 나형2
원문 고민:
안녕하세요 경희대학교 디지털컨텐츠학과 4학년 대학중인 학생입니다. 02년생이에요. 제 고민은 계속 은행에 도전해봐도 괜찮을까 입니다. 가장 큰 이유는 전공입니다. 학과명만 보면 모르실 수도 있지만 예술계열이고 자는 비실기 정기전형으로 들어가 수능성적만으로 들어갔어요 작년부터 은행에 가고싶다는 마음으로 금융자격증을 따고 경영학과 복수전공을 도전했는데 실패했습니다. 과가 과다보니 마케팅으로도 승산이 있다는 생각이 들어 은행과 마케팅 둘 다 놓지 못하고 있네요 금융자격증 2개와 금융권 대외활동 2회가 잇는 상황인데 제 고민은 1. 제 전공으로 은행을 계속 준비하는게 맞을지 2.;은행이 그나마 금융권에서 학과가 다양하다 해서 지원하는데 은행이 이닌(증권사 등)에는 아예 승산이 없을지 3.은행준비와 마케팅 취준 둘 다 가져가는게 맞을지 고민입니다. 금융권을 희망하고, 가능하다면 카드사 마케팅 직무등을 희망하는데.. 전공이 예체능 단일 전공인게 너무 갈립니다. 빠르게 포기하는게 맞는지 더 도전해봐도 좋을지 궁금합니다",,2026-04-14T07:01:32Z,false,false,0,3ineeii,여,20대 중반
전자공학과 전공생의 회계사 방향 고민,professional,지거국 / 전자공학과 / 대학 막학기 재학 중,"학력/배경: 지거국 / 전자공학과 / 대학 막학기 재학 중
나이대: 20대 중반
성별: 여
재정상태: 부모님 두분 다 대기업, 공무원이시라 퇴직까지 2년 반 정도 남긴했지만 재정적으로 도움받는데는 문제없는 정도입니다.
기초 정보: 영어 토익 965 , 오픽 ih / 수학 수능 가형 4등급
원문 고민:
안녕하세요 ! 현재 학과에 막연하게 취업 잘된다고 해서 별 생각없이 입학했다가 너무 적성에 안 맞는 걸 깨닫고 꽤나 방황을 했던 것 같습니다. 전공 공부에 너무 흥미가 안 생기는데 하기싫은거 참고 잘 하는 성격도 아니라 성적은 당연히 떨어지고 성적이 떨어지니 더 하기 싫어지는,, 악순환이 되더라구요 나름 이것저것 고민해보았습니다. 실제로 도전해보것은 적지만, 그중 이십대 초반에 미용도 잠깐 배웠는데 선생님 때문에 그만두었습니다. 그 정도로 그만둘 생각이 드는거 보면 제 길이 아니란 생각이 들어 더 이상 미련은 없구요.. 그 뒤로 학교 다니면서 전공에 맘 붙여보려 노력은 했지만 역시나 잘 안 됐습니다. 성적이 잘 나오지 않는 것에 대한 자존감 하락, 그리고 하고싶은 일을 하고 싶다는 갈망이 더 커졌던 것 같습니다. 학점이 좋지않고(아마 3점 초반대로 졸업할 것 같습니다), 대외활동이나 인턴 등 이렇다할 스펙도 가지고 있지 않다보니 자연스럽게 공기업이나 자격증을 취득하는 분야에 관심이 갔고, 금융업에 종사하고 싶다는 생각이 들었습니다. 작년에 휴학을 하고 회계사 시험을 준비하려고 했으나 휴학 직전에 마음이 살짝 흔들렸고 이 상태로 수험생활을 시작하는 건 아니라는 생각에 일단 학교부터 졸업해보자 라는 생각으로 현재 졸업을 앞두고 있습니다. 솔직히 미련이 계속 남아서..ㅜㅜ 근데 이제 이십대 중반에 수험생활을 실패할 시 리스크까지 생각해보면 cpa보단 cta 쪽으로 생각이 좁혀지고 있습니다. 1차까진 어떻게든 붙을 생각으로 공부해보고, 만약 2차를 붙지 못한다면 1차 합격증과 다른 자격증을 더 준비해서(다른 회계 자격증들을 따려고 합니다) 일반 기업 회계팀을 목표로 취준해보고자 합니다. 학점이 낮은걸 1차 합격증으로라도 커버해볼 수 있지 않을까 싶어서요 ㅠㅠ 답답해보이실 순 있겠지만.. 혹시 이런식의 전략은 어떻게 보시는지 궁금합니다.",,2026-04-14T11:15:58Z,false,false,0,forsure2e,여,20대 중반
체육학과 전공생의 세무사 방향 고민,professional,국숭세단 / 체육학과 / 소방공무원,"학력/배경: 국숭세단 / 체육학과 / 소방공무원
나이대: 30대 중반
성별: 남
재정상태: 재정적으로 힘든 상황은 아님.
기초 정보: 영어 800 / 수학 초등6학년 이후로 수학해본젓 없음
원문 고민:
안녕하세요 소방공무원으로 6년차 공직중에 있습니다. 현재 딱딱한 조직 및 인간관계에서 오는 현타(공직 특성상 남욕을 하는게 듣기싫을 정도) 또 이 조직에 30년을 더 다녀야된다는 생각을하면 끔찍합니다. 본론으로 들어가 저는 초3부터 25살까지 축구선수로 활약했습니다. 초등학교6학년 이후로 연필을 잡아본적도 없던 저는 부상으로 운동을 그만두게 된 이후로 소방관이라는 직업에 관심을 갖게되어 1년6개월 만에 학겹할 수 있었습니다. 공시생활 하면서 늦겼던건공부를 안해서 그렇지 공부를 한다면 머리는 다 거기서 거기 이지 엉덩이 싸움이라고 생각했었습니다. 누구보다 열심히 우직하게 할 자신이 있어 세무사 시험에 도전을 하려고 합니다. 직장을 병행하며 당직(24시간) 비번 비번 3조1교대근무 형태로 근무날은 적어도 4-6시간 확보 가능하며 이틀 비번날은 10-13시간 확보가 가능하여 이제 제대로 시작하려고 했는데 선생님의 세무사 관련 미래전망 릴스를 보게 되었습니다. 직장병행하며 맥시멈5년 잡고 준비하려는데 가성비가 많이 떨어질까요…? 이 직을 보험으로 잡고 5년안에 안되면 평생 공직생활한다는 마음으로 준비하려고 합니다.",,2026-04-14T11:32:28Z,false,false,0,ch__10,남,30대 중반
안경광학과 전공생의 감정평가사 방향 고민,professional,전문대 / 안경광학과 / 재직,"학력/배경: 전문대 / 안경광학과 / 재직
나이대: 30대 초반
성별: 여
재정상태: 200정도?
기초 정보: 영어 지텔프69 / 수학 수능 x
원문 고민:
저는 30살이고 전문대를 졸업했습니다!! 원래는 세무사 준비를 하다가, 29살쯤 취업 쪽으로 방향을 바꿔서 현재는 영업 일을 하고 있습니다!!정확히는 보험회사 근무중입니다 앞으로를 생각했을 때 전문직 자격증 하나는 따두는 게 좋을 것 같아서 고민 중입니다. 지금 생각하고 있는 건 노무사, 감정평가사, 그리고 증권사 쪽입니다 노무사는 예전에 직장에서 안 좋은 일을 겪은 적이 있어서, 그쪽 분야를 좀 배워보고 싶다는 생각이 들었고, 감정평가사는 세무사 준비할 때 스터디원이 추천해준 적이 있어서 관심이 생겼습니다. 증권사는 기본급이 있는 영업직이라는 점이 괜찮아 보여서 고민하고 있습니다. 솔직히 지금은 “하나라도 따놓자”는 생각이 큰데, 어떤 방향으로 준비하는 게 좋을지 조언을 듣고 싶습니다. 참고로 제 전공은 면허를 따면 개업이 가능한데, 혹시 모를 상황을 대비해서 다른 자격증도 같이 생각하고 있습니다.",,2026-04-14T14:00:38Z,false,false,0,s____97____,여,30대 초반
무직의 진로 고민,etc,무직,"학력/배경: 무직
나이대: 30대 초반
성별: 남
Vincent에게 하고 싶은 말: 만 29세 무직 백수 모쏠이라서 서럽습니다...ㅠ
원문 고민:
미기재",,2026-04-14T14:42:02Z,false,false,0,yhg_0918,남,30대 초반
경영학과 4.47/4.5 (4학기) 전공생의 회계사 준비 방향 고민,career,지거국 / 경영학과 4.47/4.5 (4학기) / 4학기 수료 후 휴학,"학력/배경: 지거국 / 경영학과 4.47/4.5 (4학기) / 4학기 수료 후 휴학
나이대: 20대 중반
성별: 남
재정상태: 당장 아르바이트를 해야 되는 상황은 아닙니다. 현재 모아둔 자금은 5천 정도 있고, 많은 금액은 아니지만 부모님께서도 소정의 용돈은 꾸준히 주려고 하십니다. 특별히 여유 있는 집안은 아니고 그냥 평범한 중산층 정도로 생각해주시면 될 것 같습니다!
기초 정보: 영어 토익 920 / 수학 통합 수능 미적분 백분위 84%
원문 고민:
안녕하세요. 저는 본가가 경상도인 24살 남자입니다. 최근 병역의 의무를 다하고 26년도 2학기에 복학을 염두해두고 있는 와중에 인생 방향에 대한 고민이 생겨 연락 드립니다. 제 고민은 회계사에 도전하느냐, 금융공기업을 준비하느냐 입니다. 제 상황에서 두 선택지의 장단점은 이렇습니다. 회계사 장점 - 전문직 / 수입의 상방이 열려있음 / 다양한 분야로 커리어 확장 가능 / 정년X 단점- 합격까지 최소 3년 이상 소요 / 서울 거주 필요성 (교통, 거주비 등) / 초반 워라밸 최악 (학생 때 아파본 적이 있어서 건강을 중요하게 생각함 & 결혼, 연애 시간 부족 & 건강 악화 우려) 금융공기업 장점 - 정년보장 / 워라밸 (for 건강&가족 챙기기) / CPA 대비 빠른 취업 / 지방 거주 가능 단점 - 평생의 현금흐름이 정해짐 / 이직 어려움 / 전국 순환근무 저는 개인적으로 30대 초중반에 현금 2억 이상을 모아 결혼하는 것이 목표인데 어느 선택지가 맞을지 잘 모르겠습니다ㅠㅠ 입학할 때부터 CPA에 관심이 있었고, 회계와 재무관리 과목에 꾸준히 흥미를 느끼고 있습니다. (CPA 인강 들었습니다.) 그렇지만 학부가 좋은 편도 아니고, 합격 후 나이도 비교적 어리지 않을텐데 회계사가 된다해도 경쟁력이 부족할 것 같고.. 무엇보다 워라밸과 서울 거주 필요성에 대한 부담감이 있습니다. 40대쯤에 연봉은 1억 정도만 돼도 만족할 것 같은데.... 저는 가족을 챙기고 제 건강을 챙길 경제적, 시간적 여유가 있으면 좋겠어요. 이런 저에게는 회계사보다 금융공기업이 더 나은 선택지일까요? 제가 회계사라는 길을 회피하려고 이러는 건지, 제 상황에 맞게 판단하고 있는 건지, 빈센트님의 의견이 궁금합니다. 또, 만약 CPA 혹은 금융공기업 취업에 계속해서 실패했을 때 30대가 되기 전 사기업 혹은 은행권으로 방향을 돌릴 것 같은데 이건 잘못된 생각일까요..? 감히 너무 높은 목표를 보험으로 두고 있는 건 아닌지 걱정이 되네요ㅠ",,2026-04-14T15:20:00Z,false,false,0,18_0k.sh,남,20대 중반
경영/ (회계 복수전공 생각) 전공생의 회계사 방향 고민,professional,광명상가 / 경영/ (회계 복수전공 생각) / 대학교 3학년,"학력/배경: 광명상가 / 경영/ (회계 복수전공 생각) / 대학교 3학년
나이대: 20대 초반
성별: 여
재정상태: 부모님 용돈
기초 정보: 영어 780 / 수학 확통 4등급
원문 고민:
Cpa",,2026-04-14T15:23:05Z,false,false,0,seo0_iing,여,20대 초반
컴퓨터 전공생의 감정평가사 방향 고민,professional,고졸 / 컴퓨터 / 재직,"학력/배경: 고졸 / 컴퓨터 / 재직
나이대: 30대 중반
성별: 남
재정상태: 직장인, 약 2000만원, 퇴사 후 아르바이트 병행 예정
기초 정보: 영어 토익700 / 수학 수능 나형 2등급
원문 고민:
저는 현재 공공기관에서 재직 중이며, 퇴사를 고민하고 있습니다. 과거 재수 및 취업 준비과정에서 힘들었던 경험이 있어, 이번에는 신중하게 판단하고 싶어 연락드립니다. 현재 학벌 영향이 상대적으로 적고 직장생활에 대해 소진이 큰 상태로 독립적인 개업 세무사를 고민하고 있으나, 올려주신 영상처럼 ai 영향으로 세무사 시장이 힘들 것으로 예상되어 확신이 없는 상태입니다. 또한 로스쿨은 현실적으로 어려울 것 같고, 감정평가사, 노무사의 경우는 끌리지 않으며, 적성에도 맞지 않을 것 같아 혼란스러워 글을 남깁니다.

추가 내용:
인생을 다시",,2026-04-14T17:48:50Z,false,false,0,jangjun324,남,30대 중반
컴퓨터 전공생의 감정평가사 방향 고민,professional,고졸 / 컴퓨터 / 재직,"학력/배경: 고졸 / 컴퓨터 / 재직
나이대: 30대 중반
성별: 남
재정상태: 직장인, 약 2000만원, 퇴사 후 아르바이트 병행 예정
기초 정보: 영어 토익700 / 수학 수능 나형 2등급
원문 고민:
저는 현재 공공기관에서 재직 중이며, 퇴사를 고민하고 있습니다. 과거 재수 및 취업 준비과정에서 힘들었던 경험이 있어, 이번에는 신중하게 판단하고 싶어 연락드립니다. 현재 학벌 영향이 상대적으로 적고 직장생활에 대해 소진이 큰 상태로 독립적인 개업 세무사를 고민하고 있으나, 올려주신 영상처럼 ai 영향으로 세무사 시장이 힘들 것으로 예상되어 확신이 없는 상태입니다. 또한 회계사 및 로스쿨은 현실적으로 어려울 것 같고, 감정평가사, 노무사의 경우는 끌리지 않으며, 적성에도 맞지 않을 것 같습니다.",,2026-04-14T17:52:37Z,false,false,0,jangjun324,남,30대 중반
경찰행정학과 전공생의 회계사 방향 고민,professional,지방4년제 / 경찰행정학과 / 재직,"학력/배경: 지방4년제 / 경찰행정학과 / 재직
나이대: 30대 중반
성별: 여
재정상태: 직장다니고 있고 여유자금은 5천정도 됩니다.
기초 정보: 영어 토익 관둔지 오래되서.. / 수학 수능도... 기억이...
원문 고민:
우선 부모님 밑에서 일을 배우고 있는 애엄마입니다! 20대때부터 관세사에 훙미가 있었지만, 시도조차 해보지 못하고 부모님 밑에서 일하게 되었습니다. 지금 제가 몸 담고 있는 이 직업이 하향산업이다보니, 이젠 제가 하고 싶어했던 일을 해보고 싶어서요. 다만, 30대이고 ai가 대중화되고 사람의 일에도 많이 관여를 하고 있고, 뉴스에서는 회계사 업무를 ai가 대신해준다는 말까지 도니.. 관세사를 지금 진입하는게 맞는지 걱정이됩니다. 게다가 현실적으로 합격을 한다해도 30대 중반인데 빨라도 30대후반, 40대초반일텐데 제가 그때 설 자리가 있을지도 의문이구요..

추가 내용:
X",,2026-04-15T03:26:08Z,false,false,0,ju._.ris,여,30대 중반
"국문+유럽문화 / 문화콘텐츠 (석,박) 전공생의 노무사 방향 고민",professional,"학부 건대, 석사 성대(특대) 박사 동대 / 국문+유럽문화 / 문화콘텐츠 (석,박) / 퇴사 후 박사 과정 재학 (문화콘텐츠) / 방송&라디오 작가 4년 경력 ㅇ","학력/배경: 학부 건대, 석사 성대(특대) 박사 동대 / 국문+유럽문화 / 문화콘텐츠 (석,박) / 퇴사 후 박사 과정 재학 (문화콘텐츠) / 방송&라디오 작가 4년 경력 ㅇ
나이대: 30대 초반
성별: 여
재정상태: 자급자족 할 수 있는 정도입니다.
기초 정보: 영어 토익 730 / 수학 수능 3
원문 고민:
박사 1학차에 퇴사를 하게 되어 박사 과정 2학차인 지금 여러 안을 놓고 고민중입니다. 1. 공기업 2. 노무사 당장 학위논문은 생각이 없어서 공기업 취준과 노무사 준비 사이에서 고민중입니다. 금융공기업은 어려울 것 같아 행정쪽으로 생각중인데 사무 행정을 쭉 하자니 그렇다면 노무사가 낫지 않을까 싶더라구요. 제가 노무 소송 경험이 있고 글쓰는 게 일이었다보니 그나마 가깝게 느껴지는 게 노무사거든요. 근데 또 법은 고2때 법과정치 해본게 다고... 금융공기업? 준비한다고 될까요..ㅠ 주식 살줄만 알지 전공자를 이길 수 있을까 싶어요ㅠㅁㅠ 코스웍 마칠때까지 시간 있으니 금융공기업 목표로도 준비해보고 노무사도 발 들여봐야할까요?",,2026-04-15T06:02:20Z,false,false,0,70g_youna,여,30대 초반
상경계열 전공생의 감정평가사 방향 고민,professional,중경외시 / 상경계열 / 4-1학기 후 휴학중(4-2학기 학교는 학점 다 채워서 안다녀도 돼요!),"학력/배경: 중경외시 / 상경계열 / 4-1학기 후 휴학중(4-2학기 학교는 학점 다 채워서 안다녀도 돼요!)
나이대: 20대 중반
성별: 여
재정상태: 부모님 용돈을 조금 넉넉하게 받으며 생활하고 있고, 재정적인 부분은 부모님께서 계속 지원해주신다고 하셔서 고려하지 않아도 괜찮을 것 같습니다!
기초 정보: 영어 지텔프 level2 85점/ 수능 영어 2등급/ 토익,오픽 등은 본적이 없습니다ㅠㅠ / 수학 수능 나형 2등급
원문 고민:
안녕하세요! 저는 세무사를 약 1년 8개월 준비하고 그만 둔 25살 대학생입니다. 세무사 시험을 관둔 이 시점에서 다른 전문직인 감정평가사 시험을 진입할지, 금융권 취준을 할지 너무나도 고민이 됩니다. 현재 스펙은 학점 4.3 뿐입니다.(다른 자격증 및 인턴 경험 등 x) 저는 2-3년 안에 꼭 합격할거라는 다짐과 자신감을 가지고 23년 말부터 세무사 공부를 시작하여 24년 5월 1차는 떨어진 후 5~7월 3개월정도 공부 안하고 놀았고, 8월~25년 1월까지 2차 공부를 하였습니다. (연습서 강의 완강 후 복습 2회독, 1차 아예 공부x) 그 상태에서 25년 2월~4월 다시 1차 공부에만 매진하였고 5월 친 1차 시험에서 또 떨어졌습니다. (세법: 37.5 회계: 45 재정학:87.5 행소법: 85) 세법 1문제 과락으로 떨어졌지만 아쉽지 않았고 오히려 ‘아 나 다시는 세무사 공부 안해. 진짜 꼴도 보기싫다.’ 이런 마음이 들더군요. 2차 연습서 강의까지 듣고 복습했음에도 세법과 회계가 1차 문제 조차도 저에겐 너무 버거웠고, 살면서 다른 공부는 곧잘 했는데 재무회계, 세무회계는 정말 저랑 안맞는거 같다고 느껴졌고, 무엇보다 이걸 계속해도 최소 3-4년은 더 공부해야할거 같다는 생각이 들었어요. 사실 저는 누구보다 사람만나고, 여행다니고, 꾸미는거 좋아하는 파워E이고, 놀땐 열심히 놀고, 공부 할땐 벼락치기로 코피나게 해서 성취해냈던 사람이거든요. 근데 중간에 3개월 놀긴 했지만 그 외의 모든 시간은 정말 열심히 했고, 매일 울면서 공부했는데 성취한게 아무것도 없다는 사실과 더 이상 매일 독서실에 쳐박혀 사는 삶을 못살겠어서 뒤도 안돌아보고 세무사 공부를 관뒀습니다. 관두고 남은 25년 전부를 고민만 가득한채로 이도저도 아닌 시간을 보냈는데요..! 막상 뭘 해야할지 모르겠어서 남들처럼 취준을 하려하니 전문직이라는 꿈이 포기가 안되더라구요. 저는 10대때부터 쭉 전문직(그냥 ‘사’자면 다 오케이..)을 꿈꿨고 한 번도 일반 직장인이 되고 싶었던 적도, 그런 미래를 상상해본적도 없고, 하고 싶은 직무도 없습니다. 그리고 무엇보다 제 상황이 지금 당장 돈을 벌어야해서 빨리 아무 회사나 들어가서 사회생활을 시작해야하는 것도 아니여서 더욱 머릿속에 물음표가 뜨는것 같아요. 그래서 세무사는 진짜 미련없고 감정평가사를 진입해볼까?라는 고민이 듭니다. (지금 26년 2월부터 감평사 1차만 2달 공부한 상태이고 4월초 시험치고 당연히(?) 떨어진 후 stop하고 이거를 계속 진지하게 올인해야할지, 지금이라도 빨리 취준으로 방향을 틀어야할지 고민중입니다. 시험점수는 과락없이 5과목 다 45~55점 사이였습니다😭) 감정평가사를 선택한 이유는 대학생일때 공인중개사를 따놓은 경험이 있고, 주변에 감평사 준비생도 많고, 합격 후 직무에 대해서도 적성에 잘맞을거같기 때문입니다.(다른 전문직은 도전 할 생각 없고 한다면 꼭 감평사..!) 근데 세무사 공부 포기 후 자신감, 자존감이 많이 떨어지기도 했고 워낙 장수생이 많은 시험이라 덥썩 들어가기엔 용기가 안나네요.. 지금 이미 세무사 공부하면서 마음이 많이 망가져서(남들과의 비교, 대인관계 걱정, 찌질하고 뾰족해지는 성격 등) 이런 상태에서 감정평가사를 2-3년만에 붙으면 너무 좋겠지만, 만약 장수생이 된다면 진짜 너무나도 견디기 힘들거같아서 두렵습니다. 부모님께서는 지원해줄테니 너가 원한다면 계속 공부해라, 너가 뭘하든 응원하지만 지금부터 취준 후 회사생활하면서 3-4년 후쯤 ‘아 그때 포기하지말고 계속 전문직 공부할걸’ 이런 생각이 무조건 들거다. 그때 후회하지 않을 자신있으면 깔끔하게 관둬라. 라고 하시는데 말씀대로 엄청 후회할거 같긴해요..😇 근데 지금 다시 동굴속으로 들어갈 마음의 체력을 다 써버렸고, 일찍 붙을 수 있을지도 모르겠어요. 그렇다고 취준을 하기엔 제가 원하던 삶이 전혀 아니고 스펙도 아예 없어서 막막합니다. 힘들고 언제 끝날지 몰라도 원하던 삶을 살기 위해 버티기vs어느정도 현실과 타협하고 평범하게 살기 중에 그 무엇도 선택할 용기가 안납니다.. 사실 선택지에 전문직 공부 vs 취준 이 2개만 있는것도 저는 너무 답답해요🥹 제3의 다른 무언가를 찾아서 도전해보고 싶어도 뭘 좋아하는지, 뭘 해야할지도 모르겠고.. 저도 제 자신이 너무 답답하고 한심한데 지푸라기라도 잡는 심정으로 고민을 써서 보내봅니다..! 긴 글 읽어주셔서 너무나도 감사드립니다🥹

추가 내용:
많이 바쁘실텐데 고민들어주셔서 정말 진심으로 감사드립니다! 혹시 제 고민은 비밀로 해주실 수 있을까요..🥹 당연히 고민에 답변 주신 내용 중에서 다른 컨텐츠(릴스 등)에 활용하시는건 괜찮지만!! 혹시나 제 고민을 보고 제 지인들이 저를 알아보고, 저의 디테일한 고민들을 알게 되는게 두려워서요😭 제 부탁이 기분 나쁘셨다면 죄송합니다.. 아무쪼록 너무 감사드리고 좋은 하루 되세요!!",,2026-04-15T21:11:03Z,false,false,0,cutie_fox__,여,20대 중반
관광경영학과 전공생의 회계사 준비 방향 고민,career,지거국 / 관광경영학과 / 4년제 대졸,"학력/배경: 지거국 / 관광경영학과 / 4년제 대졸
나이대: 30대 초반
성별: 남
재정상태: 저는 돈이 없지만, 외동아들이라 부모님이 항상 지원해주셨음. 부자는 아닙니다.
기초 정보: 영어 700 / 수학 수능 나형 3등급
원문 고민:
안녕하세요. 저는 제주에 거주하고있습니다. 현재 지역농협6급 자소서를 제출한 상태입니다. 대학을 나와 맥파이라는 수제맥주브랜드 제주업장에서 홀근무와 주방근무 일년반정도 개인카페 아르바이트 일년반정도 이후 회계사 수험생활5년정도 했습니다. 성과는 없었고, 회계사 5년이란 시간이 정말 지옥같은 시간이였습니다. 부모님의 기대는 높았지만, 공부를 잘한적이 없어 공부자체가 너무 어려웠고 카페일을 그만둘때에 취업방법도 몰라 도피식으로 시작했습니다. 기본강의나 2차강의를 모두 수강했지만 계속 강의듣고 복습하는 공부만 해서 항상 1차에서 떨어졌습니다. 결국 올해초 더이상 공부를 하지 않겠다고 하고 급한대로 주변 친구들의 조언을 얻어 지역농협에 지원하게 됬습니다. 자격증도 없고 직무관련 경험이랄것도 없는 상태입니다. 지금 상태는 정말 막막하고 어떻게 살아야할지 뭘 준비하면 좋을지 모르겠는 상태입니다. 나이도 이제 33이라 신입으로 받아줄곳이 있는지도 모르겠어서 걱정입니다. 뭔가 준비해보고 싶지만 뭐부터 하나하나 해야할지 확신도 들지않습니다. 혹시 저같은 상태에서 30대 중반이 자격증도 취득하고 인턴경험도 하면서 공략할만한 금융권 회사가 있을까요?? 주변에 제 상황을 허심탄회하게 말할수있고 조언받을수 있는사람도 없어서 우연히 인스타에서 빈센트님께 글 남겨봅니다. 냉정하게 말씀해주시면, 금융권은 쳐다도보지 않겠습니다. 금융권을 생각한 이유는 그래도 회계사 공부하면서 용어정도는 익숙치않나 하는 생각에 있습니다. 다른 진로를 추천해주실만한게 있으시면 추천도 부탁드리겠습니다. 토익은 과거 회계사 1차를 위해서 봤었는데 810점 이였습니다. 감사합니다.",,2026-04-16T13:34:49Z,false,false,0,kohyeomgbin,남,30대 초반
경영학과 영어영문학과 전공생의 세무사 방향 고민,professional,중경외시 / 경영학과 영어영문학과 / 경희대학교 재직중,"학력/배경: 중경외시 / 경영학과 영어영문학과 / 경희대학교 재직중
나이대: 0대 초반
성별: 여
재정상태: 인턴 중이라 용돈 안받고 있으며 그만두면 부모님 용돈으로 생활하고 잇습니다. 부족하진 않으나 아버님이 퇴직하셔서 여유로운 편은 아니라고 생각해요
기초 정보: 영어 950 / 수학 2등급
원문 고민:
현재 중소기업 재무팀에서 인턴하고 있는 03년생입니다! 원래는 금융권 디지털 직무 희망해서 개발팀에 있었지만 전공에 벽을 느꼈고 이분야도 똑같이 취업 힘든건 마찬가지인거 같아 기존에 가려고 했던 재무팀으로 부서를 바꿨습니다. 토익950, 유관인턴1회(현재하고있음), 재경관리사 이렇게 있습니다. 공부를 싫어하지는 않으나, 성격자체가 주변환경에 영향을 많이 받고 시험자체를 무서워하는 편이라 오랜기간 고시하나만 바라보기에는 무리가 있다고 생각해, 재무팀 취업을 준비하고자 하는데 요즘 취업이 너무 어렵다보니 세무사 1차 합이라도 준비해봐야하는지 고민됩니다ㅠ 재무는 달리 경험을 쌓을 만한 기회가 없는 것 같아서요! 추가적으로 은행관련해서 은행업무가 제 성향에 잘 맞을지에 대해서도 조언 구하고 싶어요! 저를 일단 사람 만나는걸 좋아하지않고 영업이 부담스럽습니다. 그래사 돈보단 워라밸을 추구하고 순환근무가 없었으면 좋겠어요.",,2026-04-17T06:25:33Z,false,false,0,0ur_winter,여,0대 초반
"학사 때 통계학과, 경제금융 복수전공 전공생의 로스쿨 준비 방향 고민",career,"계명대학교 통계학과 석사과정 휴학생 / 학사 때 통계학과, 경제금융 복수전공 / 대학원 휴학(3학기)","학력/배경: 계명대학교 통계학과 석사과정 휴학생 / 학사 때 통계학과, 경제금융 복수전공 / 대학원 휴학(3학기)
나이대: 20대 후반
성별: 남
재정상태: 현재 군대에서 모았던 돈은 5월쯤이면 월세+생활비로 다 쓸 예정이고 부모님 용돈은 받고 있지 않습니다. 현재는 격주로 쿠팡 알바하면서 돈을 조금씩 버는 상태입니다.
기초 정보: 영어 토익 750 / 수학 수능 쳤을 때 나형 2등급이었습니다.
원문 고민:
안녕하세요 현재 통계학과 석사과정생 휴학중인 학생입니다. 금융권에 취업을 하고 싶어 대학 때 통계, 경제금융을 복수전공을 하고 해병대 장교 복무를 하고 25년에 대학원 생활을 시작하였습니다. 다만, 현재 작년 1년 간 대학원 생활 중 학위 논문과 관련한 교수님의 방치 및 군대에서 모았던 돈이 바닥나기 시작하여 이번 상반기 휴학하면서 돈을 조금 모아 다시 복학을 할지, 아니면 바로 금융권 취업을 할지 고민중에 있습니다. 제가 궁금한 점에 대해 정리하겠습니다. 1. 금융권 행원 또는 IT 직무 둘 다 관심이 있는데, 금융권에선 석사라는 학위가 학사라는 학위보다 메리트가 큰지 궁금합니다,(석사과정 1년하면서 연구과제 3개 완료하였습니다.) 2. 빅데이터분석기사, 정보처리기사, SQLD까지만 자격증을 따면 자격증은 충분한지, 아니면 금융과 관련한 자격증을 한개 정도 따면 좋을지 궁금합니다. 3. 현재 토익 점수는 750나온 상태여서 최종 목표는 850점, 스피킹까지 준비할려고하는데 언어와 관련하여 목표를 조금 더 높게 설정해야하는지 궁금합니다.",,2026-04-17T09:06:47Z,false,false,0,gi_beom.p,남,20대 후반
경영학과 전공생의 회계사 방향 고민,professional,서성한 / 경영학과 / 대학 재학중,"학력/배경: 서성한 / 경영학과 / 대학 재학중
나이대: 20대 후반
성별: 여
재정상태: 당장 돈을 벌어야 하는 상태는 아닙니다.
기초 정보: 영어 지텔프 레벨2 (cpa요건으로 급하게 본거라 오픽 응시 예정) / 수학 오래돼서 기억이 안나네요
원문 고민:
23살때부터 cpa 4년 공부했고, 올해도 1차 떨어진 상태입니다. 일단 이 시험을 한 번 더 도전해볼지, 그만두는게 나을지 답이 안나와요. 솔직히 4년이라는 시간동안 말만 수험생이지 그냥 책펴놓고 휴대폰하다가 빨리 퇴근하고.. 그러다 시험 직전 1-2개월만 벼락치기로 공부해서 시험보고 그랬거든요. 차라리 최선을 다했다면 미련없이 포기할텐데, 저는 항상 열심히 하지 못한 것에 후회가 남아 더 도전했어요. 근데 사람 쉽게 안변하더라구요. 그걸 이제서야 깨닫고 시험은 이제 접기로 마음을 먹고 직후에는 후련했는데 시간이 지날수록 미련이 남아요. 회계사라는 직업을 너무 가지고 싶어서는 아니고 .. 가장 소중한 20대의 반절을 제대로 공부한것도, 차라리 맘편하게 논것도 아니고 어영부영 보내다 날려버렸다는 좌절감에 그러는 것 같아요. 공부량에 비해 성적은 잘나오는 편이라 더 아쉬운것도 있는 것 같아요. 또한, 제가 학점도 3점대 초중반이고 동아리 학회 인턴 등의 스펙은 아예 없고, 자격증도 컴활1급 재경관리사 뿐이라서 일반 취업도 어려울 것 같아서 차라리 익숙한 공부 하면서 전문직 시험 보는게 나은건가 싶기도 해요. 요즘은 취업도 많이 힘들다고 들어서요. 근데 또 제가 처음 진입할 때만 해도 시험만 합격하면 빅4 무조건 보장되는 구조였는데 이제는 합격해도 미지정이 넘치잖아요? 그런거 생각하면 취준이 나은 것 같기도 하고.. 근데 또 제가 스트레스에 취약한 편이라 시험 직전에 정신적 육체적으로 많이 힘들었어서 그런 건 다시 겪기 무섭기도 하고 이런 식으로 손바닥 뒤집듯 마음이 왔다갔다하는 상태입니다 ㅠㅠ 취준은 cpa보다 상대적으로 나이가 중요하니 한 살이라도 어릴 때 다른 도전 해보는게 맞나 싶기도 하고 고민이 많네요. 사실 체력이 약해서 합격한 선배들의 업무 강도에 대해 들어보면 버틸 자신도 없긴 해요. 근데 4년동안 시험 준비만 하다가 갑자기 다른거 하려니까 뭘 해야될지 모르겠어서 막막함에 더 수험생활에 마음이 기우는 것 같기도 하네요.. 쓰다보니 하소연이 되어버렸는데 긴 글 읽어주셔서 감사합니다! (참고로 아직 한 학기 남아서 올해 2학기 다니고 졸업예정입니다) 추가로, cpa 그만두면 금공 많이 준비하던데 필기시험이 잼관 경제 위주로 알고 있어요. 근에 저는 회계사 준비할때 회계, 세법을 좋아했고 잘했고 잼관, 경제를 싫어하고 못했어서 이 점을 살리려면 어떤 진로가 나을지도 잘 모르겠네요.. ㅠㅠ",,2026-04-17T16:24:52Z,false,false,0,osmfmdx,여,20대 후반
경영학과 재학 중(통계•데이터과학과나 컴퓨터과학과 복수전공 고민중) 전공생의…,professional,방송통신대학교 1학년 / 경영학과 재학 중(통계•데이터과학과나 컴퓨터과학과 복수전공 고민중) / 고졸/중소기업 3년 (회계경리)/대학교 1학년,"학력/배경: 방송통신대학교 1학년 / 경영학과 재학 중(통계•데이터과학과나 컴퓨터과학과 복수전공 고민중) / 고졸/중소기업 3년 (회계경리)/대학교 1학년
나이대: 20대 초반
성별: 여
재정상태: 부모님께 경제적 독립함 여유자금 있음
기초 정보: 영어 토익이나 토플 시험을 친 적이 없어서 모르겠습니다..영어 회회만 가능한 정도 / 수학 23학년도 수능 가형 수학 1등급
원문 고민:
제목: 회계 실무 3년 차의 진로 고민_회계사 고시 vs 금융권 이직 (feat. IT 기반 부업) 안녕하세요! 올려주신 전문직 관련 현실적인 조언들 정말 깊이 공감하며 읽고 있는 23살입니다. 저는 고교 졸업 후 바로 취업하여 현재 회계 실무 3년 차이며 전공인 경영학에 더해 컴퓨터과학이나 통계학 복수전공을 고민하고 있습니다. 숫자와 돈의 흐름에 관심이 많아 금융/회계/IT를 아우르는 커리어를 꿈꾸지만 AI 시대에 20대의 '시간 투자'를 어디에 집중할지 혼란스러워 질문드립니다. 1. 메인 직업의 고민_회계사 vs 금융권(은행) • 회계사: 실무를 하며 회계사의 꿈을 갖게 되었으나 업무가 AI로 빠르게 대체되는 상황에서 4~5년이라는 합격 불투명한 고시 생활에 청춘을 베팅하는 것이 맞는지 의문입니다. 합격 후 얻을 보상이 그 기회비용을 상쇄할 만큼 회계사의 가치가 여전히.. 확실할까요? • 금융권(은행): 고등학교 시절 꿈꿨던 1금융권 행원을 다시 목표로 삼아 대학교 3학년 때까지 자격증을 완비하고 대학교 4학년 때 이직하는 것이 더 효율적인 루트일지 고민입니다. 해외 금융업 취업도 하고 싶은 꿈은 있습니다. 2. IT/통계 복전과 1인 기업(부업)의 꿈 제가 컴퓨터과학이나 통계학 복전을 고민하는 이유는 명확합니다. 메인 직업(회계/금융)을 유지하면서 AI를 파트너 삼아 IT 기술 기반의 1인 기업을 부업으로 운영하고 싶기 때문입니다. 전문직 면허에 목매기보다 기술력과 회계 실무를 결합해 나만의 파이프라인을 만드는 것이 현재 제가 살아남을 수 있는 강력한 생존법 아닐까 생각이 들어서 입니다. 3. 결론적인 질문 저처럼 회계 실무 + IT/통계 지식을 갖추려는 사람이, 냉정하게 말해 잡지 못할 수도 있는 회계사라는 꿈에 막연히 집착하며 시간을 보내기보다 실리를 챙겨 금융 전문가로서의 빠른 현장 진출(은행 이직) + IT 기술 기반의 부업 병행 구조로 포트폴리오를 짜는 것이 지금 시대에 더 현명하고 현실적인 대안이 될 수 있을까요? 선생님의 날카롭고 현실적인 조언 부탁드립니다! 긴 글 읽어주셔서 감사합니다.

추가 내용:
따로 없습니다!",,2026-04-17T19:52:20Z,false,false,0,full_0404,여,20대 초반
회계세무학과 전공생의 회계사 방향 고민,professional,중경외시 / 회계세무학과 / 4학년 1학기 마치고 현재 휴학상태,"학력/배경: 중경외시 / 회계세무학과 / 4학년 1학기 마치고 현재 휴학상태
나이대: 20대 후반
성별: 남
재정상태: 집에서 지원해주십니다
원문 고민:
안녕하세요! 경희대 경영대 4-1까지 마친 27살 남자입니다. 회계사가 하는 일보다는 직업자체의 네임밸류나 고소득자가 될 수 있다는 것에 중점을 두고 CPA를 준비했습니다. 이번 1차에서 떨어졌는데 아쉬운 점수는 아니라서 계속할지말지 고민이 되어 디엠 보내봅니다! 집에서 한 번 더 해보라고해서 일단 강의수강중입니다. 운 좋게 유예합을 한다고 하면 29살이 되는지라 그것도 디메릿이 되지 않을까 생각도 드는 것 같아요. 항상 막판가서 풀어져서 시험을 각잡고 봤다는 느낌이 안들어서 미련이 남네요. 그게 저의 한계일수도 있지만요. 다른스펙은 부끄럽지만 전혀 없는 상황입니다. 영어를 잘하는 것 같지도 않고요.. 제가 하고싶은 일이 뭔지를 저 스스로도 모르겠는게 좀 답답하긴 합니다. 과는 회계세무학과인데 너무특정될까봐 단과대인 경영대라고 기재했습니다! + 금융권에도 관심이 있고 (주식투자를 조금 하고있어서 핫한 섹터나 전쟁같은 이슈들 찾아보는 것에 관심이 있어요) 학점은 환산해보니 4.5만점에 3.8 입니다 현재 휴학상태이고, 이번년도까지는 cpa준비를 해보는 것에 대한 의견이 궁금합니다 추가적으로 궁금하신 점이 있다면 물어봐주세요 디엠으로 보냈던 내용들 모았습니다!",,2026-04-18T15:22:34Z,false,false,0,bbungbbagnjun,남,20대 후반
경영학과 전공생의 세무사 방향 고민,professional,중경외시 / 경영학과 / 2학년 후 군휴학,"학력/배경: 중경외시 / 경영학과 / 2학년 후 군휴학
나이대: 20대 초반
성별: 남
재정상태: 부모님께 따로 수험관련 비용을 지원받고있는 상태고, 군인 급여를 받고 있습니다.
기초 정보: 영어 없음(수능 영어 1-2등급) / 수학 통합수학 1-2등급(수능 백분위 95)
원문 고민:
안녕하세요! 저는 현재 군복무를 하며 세무사 1차시험 준비를 시작한 군인입니다! 군대에 입대하기 전까지는 원하는 학교에 가지 못한 것에 대한 아쉬움에 뭐든 닥치는대로 열심히 해보고자 마케팅 진로에 대한 각종 학회, 공모전, 산학협력 등을 하며 포트폴리오를 쌓음과 동시에 학점을 열심히 챙겼고, 4.45/4.5의 학점을 만들어둔 채로 입대를 하였습니다. 재학중에 여러 진로를 고민하는 과정에서 일단은 로스쿨로 진로를 좁힌 상태였습니다. 하지만 어렴풋이 주변 선배들로부터 요즘 로스쿨 판이 많이 빡세다고 들은 뒤 군대에서도 부족한 학부를 극복할 수 있는 스펙을 마련하고자 공군에 입대하였고 어느정도 적응이 된 후로부터는 공부시간이 꽤 확보되어 현재 세무사 시험을 준비한지 4달이 가까이 되어가는 상황입니다. 현재 안고있는 고민은, 스스로 제가 하고있는 공부가 시대에 맞는 성공방식인가? 하는 것입니다. 선생님께서 소개해주셨다시피 세무사라는 직업의 전망은 그리 밝지않다고 저또한 느끼고있고, 기존 계획대로 세무사를 취득하여 로스쿨에 진학하자니 급격하게 인간의 능력이 대체되는 시대에 너무나 장기적인 공부계획이 아닌지 하는 불안함이 커졌습니다. 그러나 ‘그럼 내가 지금 뭘할 수 있지?’라고 했을때 뾰족한 수가 없어서 일단 꾸역꾸역 하고 있는 상황입니다.. 시작할 때는 내년 1차시험에 빠르게 합격하자는 목표로 시작하였으나 군대 특성상 아무리 공군에 편한 부대라고 해도 평일 최대 6-7시간, 주말 9시간정도의 공부시간이 확보가능하고 군생활과 병행함에 있어서 어려움도 있다보니 수험생활이 예상보다 길어지는 것에 대한 불안감도 큽니다. 현재 제 상황에서 일단은 그냥 계속 가던대로 묵묵히 가는게 맞을지, 제 상황이라면 어떻게 하셨을지 냉정한 조언이 듣고싶습니다!",,2026-04-19T12:07:41Z,false,false,0,minwiv,남,20대 초반
체육교육과/교육학과 전공생의 로스쿨 방향 고민,professional,한국교원대 / 체육교육과/교육학과 / 3학년,"학력/배경: 한국교원대 / 체육교육과/교육학과 / 3학년
나이대: 20대 중반
성별: 남
재정상태: 여유 있음
기초 정보: 영어 850(~공부) / 수학 확통 4
원문 고민:
안녕하세요. 대학교1학년때까지 운동하다가 그만두고, 먹고 살 길이 안 보여 체육교사나 해야겠다는 가벼운 마음으로 공부를 시작해 현재 본교에 진학하였습니다. 하나, 교육관련된 여러 대외활동을 접해보니 제 교육관을 교직 내에서 실현시키기에는 큰 어려움이 있다는 생각과 더불어 체육계 문제점에 관한 논문을 작성하는 과정에서 로스쿨로 진로를 재설정하게 되었습니다. 하지만, 리트가 아무래도 불안정한 시험이다보니, 막연히 리트만 준비하기에 어느정도 불안감이 있습니다. 현재 학점은 4.2/4.5라 7급 지역인재(헌법, 5급피셋만 응시)를 받을 수 있어 어차피 결이 비슷하니 병행을 할지 아니면 임용과 병행을 할지 고민중입니다. 더불어 각종 대외활동, 논문작성, 학술대회 수상 등 경험이 있습니다. 선생님이라면 어떻게 하셨을 거 같나요?

추가 내용:
아무래도 학교가 마이너하고.. 제가 좀 특이한 케이스다 보니 노출은 꺼려집니다..",,2026-04-19T12:44:49Z,false,false,0,pkyuhyun_,남,20대 중반
경영학과 전공생의 감정평가사 방향 고민,professional,건동홍 / 경영학과 / 대학 재학중,"학력/배경: 건동홍 / 경영학과 / 대학 재학중
나이대: 20대 초반
성별: 남
재정상태: 본가 + 수험비용 전액 부모님이 지원, 혹시 일이 터지더라도 공익 월급으로 생활 가능
기초 정보: 영어 지텔프 65 / 수학 수능 미적분 3등급
원문 고민:
안녕하세요 빈센트님! 팔로우 후 정말 컨설팅 관련하여 정보 잘 얻고있다가 저도 한번 받아보고 싶어 정리 후 보냅니다! 현 스펙 및 상황 학점 3.61 (전공 F과목들 재수강시 3.98), 빠른이라 1년 일찍 학교를 들어가 3-1학기까지 완료 곧 공익 입대 예정입니다 자격증, 대외활동 x 학교 창업동아리 최우수상, 학과 학생회, 동아리 회장 경험 공익 근무시 9:00~18:00 중에 1시간~3시간 제외 공부할 시간으로 가용 가능, 퇴근 이후는 쭉 가능, 주 6일 공부 가능합니다 현재 고민 공익 근무 시 cpa 진입 vs 자격증으로 금융권이나 취업 준비 + 이외의 다른 정보를 알고 싶습니다 (sqld등을 따고 파이썬등을 공부해 실무 경험을 쌓는 등 데이터 분석 쪽으로도 알아보고 싶은데 주변에 아무도 준비하지 않아 정확한 현직자들의 정보를 얻기가 어려움) 고민 이유 1. 냉정하게 학년 상 스펙이 부족함을 알고 있어 마음이 조급해졌습니다 2. 공익 2년 동안 본가를 내려갈 예정이라 자격증 공부를 제외한 대외활동 등으로 스펙 쌓기가 조금 어렵다고 판단하였습니다 3. 진득하게 공부해본 경험이 없어서 냉정하게 cpa를 합격 할 노력을 할까라는 생각하였습니다 4. 만약 합격 하더라도 현재 cpa리스크로 인해 법인 입사 실패 시 투자 대비 효용성 부족하지 않을까라는 생각하였습니다 cpa를 준비했던 이유와, 타 전문직과 시험 편입 고려하지 않고 있던 이유 1. 원래는 증권, 은행, 회계, 재무 관련 돈 관련 직업을 하고 싶어 문과로 교차지원 2. 교차지원시 까지만 하더라도 회계사 업황 호황이였고, 안정성을 중요하는 성격 상 전문직의 메리트가 매우 커보였습니다 3. 원하는 직종 조건이 cpa가 아니라면 서울 근무, 금융권이나 시중은행, 지방 순환 없는 금융공기업 a매치 직종 이였고, 감평사나 노무사 같은 전문직은 아직까지 고려하고 있지 않았습니다. (로스쿨이 아닌 쪽의 법률 관련 내용은 관심이 전혀 없음) 4. AICPA나 편입도 생각은 해봤지만 제가 영포자 of 영포자라 토익 700도 겨우 나오는 상황이라 2년동안 사회에서 멀어져서 진득하게 공부 할 수 있는 조건에 투입하기엔 조금 효용성이 떨어진다는 정말 개인적인 판단하에 고려하고 있지 않았습니다. 다만 이건 제가 지금까지 생각해왔던 이유이며, 짧은 견문으로 생각해왔던거고 제 상황과 맞지 않다면 바로 바꿀 생각도 있습니다! 현재는 cpa 준비로 마음을 잡아두고있는데 이번 1차 시험 본 선배 동기들이 전부 불합격 한거 보고 고민이 다시금 커졌습니다...공익이란 특수 케이스 상황에서 어떻게든 시간을 가치있게 써보고 싶은데 원래 생각해왔던 것들이 리스크가 너무 커져서 고민이 너무 되어 연락드려봤습니다 학교는 익명을 위해서 위엔 건동홍이라 적어뒀지만 동국대입니다! 쓰다보니 고민들을 다 적게 되어 너무 길어진것 같은데 긴글 읽어주셔서 정말 감사합니다!!",,2026-04-19T13:27:27Z,false,false,0,@tmddn_1231,남,20대 초반
"영어교육과, 금융공학 융합전공 전공생의 감정평가사 방향 고민",professional,"SKY / 영어교육과, 금융공학 융합전공 / 대학교 3학년","학력/배경: SKY / 영어교육과, 금융공학 융합전공 / 대학교 3학년
나이대: 20대 초반
성별: 여
재정상태: 주1회 학원 알바와 주1회 과외로 80만원 + 부모님께 받는 용돈 60만원 = 총 한달에 140만원 정도씩 들어옵니다. 1800정도 모았는데 투자랑 예적금 제외하면 600정도가 그냥 입출금통장에 있습니다. 본가에 살고, 시험준비 시 부모님께서 전부 지원해주실 듯합니다.
기초 정보: 영어 토익 965 / 수학 통합 수능 미적분 1등급 (백분위 97)
원문 고민:
안녕하세요. 저는 이제 고대 사범대 5학기째 다니고 있는 23살 여자입니다. 아빠가 세무사셔서 저도 다음학기부터 휴학하고 세무사를 준비하려고 했는데요, 아직 회계사와 세무사 중 무엇을 준비할지 모르겠습니다. 주변에 물어보면 다 고대씩이나 가서 뭐하러 세무사 하냐 그냥 cpa 해라, 학벌을 못써먹는게 아깝지 않냐, 세무사는 전망이 안좋다 등등의 말을 많이 듣습니다. 물론 그 말 하는 사람들 중에 회계사나 세무사는 아무도 없었지만요. 그리고 제 주변 동기들, 선배들 중에서 회계사 말고 세무사 준비한다는 사람은 한 번도 본 적이 없긴 합니다. 연봉, 안정성, 그리고 단순 간지 등의 이유로 회계사를 고민하고 있습니다. 그런데 세무사를 생각하는 이유도 있습니다. 아빠가 세무사면 거래처 물려받을 수 있는 게 엄청 큰 메리트라고 하더라고요. 여자면 나중에 육아할 때도 세무사가 더 편할거라고 하고요. 워라밸이 좋고 합격이 수월하다는게 가장 끌리긴 합니다. 저는 중증 adhd가 있어서, 남들보다 꾸준히 공부하는게 조금 어려운 편이라서요. 아빠를 보면 개업 후의 삶이 편해보여서 세무사로 마음이 기울기도 했습니다. 아직 공부를 시작하진 않아서… 어떻게 보시는지 의견을 듣고 싶습니다. 걱정되는 부분은 각각 cpa의 난이도, 그리고 세무사의 ai 대체 가능성입니다. 학교는 재수해서 정시로 들어왔는데, 이과 수능을 보고 문과대에 교차지원 했습니다. 현재 학교에서 회계원리, 중급회계, 재무관리, 경원 경투 정도 들어놨고, 이번 학기에 미시경제, 거시경제, 투자론 듣고 있습니다. 로스쿨은 관심이 없고 그럴 재능도 없어서 생각 안해봤습니다. 학점은 4.02입니다. 저희 과가 학점을 퍼주는걸 감안하면 높은 학점은 아닙니다. 리트는 집에서도 본 적이 없고, 수능에서는 국어, 수학, 물리 1등급 받았습니다. 숫자에 대한 감은 좋은 것 같아요. 영어교육과인데 영어는 잘 못합니다… 회계사, 세무사 말고 아예 다른 진로(노무사, 감평사, 공기업 등) 추천하신다면 그것도 들어보고 싶습니다! 바쁘신 와중에 읽어주셔서 감사합니다.

추가 내용:
휴학 후 시험 준비를 한다면, 집 주변에서 공부하는 게 좋을까요? 아니면 학교에 가는 게 좋을까요? 백기에 다 죽어가는 씨파생들이 많잖아요… 저도 거기에 가야하나 싶습니다. 그런데 본가에서 편도 1시간 거리라서 고민입니다. 또, 만약 고민글이 공개된다면 조금 각색하거나 몇몇 부분은 제외해주시면 감사하겠습니다. 고대영교에 3학년에 세무사 생각하는 adhd면 너무 특정될 것 같은느낌…ㅎㅎ 제 동기도 빈센트님 열심히 본다고 해서요 ㅎㅎ 최고의 인플루언서!",,2026-04-19T18:01:11Z,false,false,0,xeo__rx,여,20대 초반
기계과 전공생의 금융권 취업 방향 고민,professional,서성한 / 기계과 / 대학교 졸업유예중,"학력/배경: 서성한 / 기계과 / 대학교 졸업유예중
나이대: 20대 후반
성별: 여
재정상태: 지금까지는 부모님 지원을 받아 공부했습니다. 평소 생활비도 부모님 용돈을 받았구요. 그렇지만 금전적 고민 없이 공부에만 집중할 수 있는 환경은 아닙니다. 아버지도 퇴직 후 재취업을 하셔서 소득이 이전보다 적고, 불안정하신 상태고 어머니도 일을 하시긴 하지만 소득이나 근무 시간이 거의 알바에 가까운 형태라 제가 이기적으로 마냥 지원해달라고 하기엔 너무 염치가 없습니다.. 두분도 제가 공부할 때 가끔씩 제가 돈을 못버는 상황에 대해 농담반진담반으로 푸념하시기도 하고요.. 부모님은 제가 공부하겠다 하면 부동산을 팔아서라도(....) 도와줄 수 있지만 결정은 너의 몫이다 하고 제가 선택을 하길 기다리시는 중입니다.
기초 정보: 영어 오픽 IH / 수학 (문과에서 교차지원) 수능 나형 1등급
원문 고민:
안녕하세요, 요새 마음이 힘든 시기를 보내던 중에 빈센트님의 영상이 우연히 떠서 홀린 듯이 다 보고 이렇게 질문 남겨봅니다. 저는 2023년 하반기에 변리사 공부를 시작했습니다. 2023년부터 2025년까지 각각의 해의 하반기에 공부를 하여 총 3번의 1차 시험에 응시를 했고, 3번 모두 불합격했습니다. 첫번째 1차 시험에서는 합격컷에서 5점 차, 두번째와 세번째 1차 시험에서는 합격컷에서 1.7점 차로 떨어졌습니다. 올해 3월 말에 시험 결과 발표가 난 뒤로는 절망스럽고 속상한 마음과 이 시험을 계속해야 할지, 그만둔다면 진로를 어떻게 잡아야 할지 확신이 없고 막연한 불안감만 있는 상태로 한달을 아무도 만나지 않고 누워서 지내고 있습니다.. 첫번째, 두번째 시도에 떨어졌을 땐 너무 아깝고 이 부분만 내가 보완하면 붙을 수 있겠다는 생각에 재도전을 했던 것인데 이번 시험에마저 불합격하니 이제 이 시험 자체가 무섭다는 생각이 듭니다. 동시에 대학 공부를 마치고 지금까지 이 시험만을 바라보고 노력했던지라 쉽사리 포기가 안됩니다. 학부 다닐 때 전공 공부에 흥미를 그다지 붙이지 못해 학점도 그다지 높지 않고, 기사 자격증이나 전공 동아리, 랩실 학부 인턴 경험 등 주변에 통상 공대 전공으로 취업한 친구들이 가지고 있는 스펙이 전무한데다 나이도 꽤 있다고 생각이 들어 시험을 포기하고 취준시장으로 들어가기도 두렵습니다. 대학 친구들은 거의 학부 졸업 후 칼취 / 석사 졸업 후 연구원으로 취업 루트를 탔고, 그게 아니라면 중간에 약대 편입으로 약대를 갔지 저 처럼 졸업 후 전문직 시험으로 n년을 보낸 친구가 없는지라 고민을 터놓고 상담할 곳이 없어 이렇게 지푸라기 잡는 심정으로 여쭤봅니다. (저 혼자) 알게된지 1시간도 채 되지않는 분에게 인생 방향 결정을 도와달라며 냅다 털어놓는 게 무책임하게까지 느껴지지만 한번만 들어봐주시고 조언을 부탁드립니다.

추가 내용:
컨텐츠 제작에 얼마든지 사용하셔도 괜찮으니 가능하실 때 부디 확인 부탁드립니다..!!",,2026-04-20T15:45:48Z,false,false,0,miziwaa,여,20대 후반
경영학과 전공생의 회계사 준비 방향 고민,career,중경외시 / 경영학과 / 대학교 3학년 2학기 재학 중,"학력/배경: 중경외시 / 경영학과 / 대학교 3학년 2학기 재학 중
나이대: 20대 후반
성별: 남
재정상태: 부모님의 지원으로 아르바이트 없이 생활 가능
기초 정보: 영어 토스 AL / 수학 2019수능 수학 나형 백분위 99
원문 고민:
CPA 2차를 2달 앞두고 암에 걸려 (현재는 높은 확신으로 완치) 동차 2차 시험을 포기하고 치료에 전념하다보니 전과목 유예로 2차 시험을 4달 내로 준비해야하는 상황이 되어 포기했습니다. 물론 큰 질병을 겪고 난 뒤의 가치관 변화, CPA 합격자의 미지정 사태 등 해당 시장의 불황도 원인이었습니다. 현재 한국 나이 27살이고 세 학기가 남아있습니다. 증권사는 높은 업무량과 학벌 장벽(IB 기준)때문에 꺼려지고, 문과는 결국 영업이라지만 은행텔러나 PB와 같은 영업 ALL IN 느낌의 직무는 성향상 피하고 싶습니다. 금융공기업은 지방 순환의 디메릿이 너무나도 크다고 생각합니다. 그리하여 제가 생각한 진로는 시중은행IB, 사기업재무/회계팀, 증권사RA/IPO 쪽 입니다. 이 방향성을 가지고 취업을 본격적으로 준비한다고 했을 때 인턴이나 대외활동을 정하며 고민이 생겼습니다. 한 가지 분야만 준비하는게 좋을 지, 이 후보들을 모두 가져가는게 좋을 지 입니다. 전자의 경우엔 문이 너무나도 좁아지는 것 같고 후자의 경우엔 전문성이나 방향성이 엇나가는 것이 제가 느낀 고민의 이유입니다. 제가 고민상담을 통해 전문가님께 듣고 싶은 것은 전문가님이 바라보시는 위 진로 후보들의 전망, 상기된 스펙들로만 보았을 때 가장 추천하시거나 가능성 높아보이는 직무, 남은 1년 어떤 것을 하면 좋을 지 입니다. 이런 고민 들어주심에 깊이 감사드립니다.",,2026-04-20T17:37:24Z,false,false,0,miksmmmm,남,20대 후반
고졸 이후 진로 방향 고민,direction,"여자 고졸 무스펙 무경력(22살-26살 공군 부사관 4년 만기 전역, 모은 돈 9천만 원)","학력/배경: 여자 고졸 무스펙 무경력(22살-26살 공군 부사관 4년 만기 전역, 모은 돈 9천만 원)
나이대: 20대 중반
성별: 여
기초 정보: 영어 모의고사 4등급 / 수학 없음
원문 고민:
앞으로 뭘 어떻게 시작해야할지 모르겠어서 고민을 올리게 되었습니다. AI에게 물어보니 지금 현재 상태에서 할 수 있는 거라곤 대기업/중소기업 생산직 나이 마지막컷, 중소기업/사기업 경리 또는 보조 사무직, 현장직, 인테리어, 간호조무사 등등 좋아하는 것도, 잘하는 것도 모르겠어서 뭐라도 해야할 거 같은데 저의 스펙으로는 앞이 안 보이고 위에 알려준 경로가 저와 잘 맞을지도 모르겠습니다. 세상은 너무 빨리 변하고 있고 도무지 갈피가 잘 안 잡힙니다. 4월 30일 부로 전역이라 갈피를 잡고 어떤 공부라도 해야 하는데 너무 어려운 거 같습니다. 대졸자들과 경쟁하기엔 이미 찬밥 신세고 그렇다고 지금 전문대나 대학 학력을 위해 수능 준비를 하는 것도 꽤 늦은 시점이라고 생각돼서요. 어떻게 해야 할까요?",,2026-04-21T00:49:39Z,false,false,0,sadalsuudwatch,여,20대 중반
Urban Engineering 전공생의 감정평가사 방향 고민,professional,중경외시 / Urban Engineering / 주부,"학력/배경: 중경외시 / Urban Engineering / 주부
나이대: 30대 후반
성별: 여
재정상태: 아르바이트 (과외 4개) 월 160 꾸준히 가능 신랑 월급 외 별도 비용
기초 정보: 영어 850
원문 고민:
감정평가사 집입위해 건설회사 퇴직 후 육아병행으로 현재 공부중이나 1차 고배를 여러번 맞이한 후 고민중입니다. 학원과외 병행으로 공부관련 비용은 별도로 마련 가능하나, 전업수험생으로 한다하며 육아병행으로 사실 몰입이 힘든 것 같습니다. 절대 공부량 문제도 있는 것 같습니다. 퇴직후 현재 이렇다할 성과와 결과가 없다는 점, 다른 분들은 자리를 잡고 하는 시기에 이 방향이 맞는지 고민입니다. 저를 아는 지인이나 친척들은 공부방이나 전업 과외로의 진로도 좋을 것 같다며 추천하나, 업무를 전환할지라도 감정평가사 꿈을 놓지 못할 것 같습니다. 사실 아이들에게도 전업 엄마 모습도 부족한 것 같고 공부를 몰입하기에도 애매한 정체성 혼란까지 오고 있습니다. 남편은 무엇을 하든 지지하는 입장입니다. 현실적인 조언 부탁드리겠습니다.

추가 내용:
제 상담 일지가 노출이 되지 않으면 좋겠습니다!",,2026-04-21T00:51:18Z,false,false,0,eswitch1105,여,30대 후반
정책과학 전공생의 손해사정사 준비 방향 고민,career,지사립 4년제 / 정책과학 / 무직,"학력/배경: 지사립 4년제 / 정책과학 / 무직
나이대: 20대 후반
성별: 여
재정상태: 재직하며 모아둔 돈 1,000만원 가량, 필요시 아르바이트 또는 단기 인턴 병행 예정. 부모님과 함께 생활중이며 필요시 도움 받을 수 있습니다.
기초 정보: 영어 토익 830 / 수학 수능 나형 2등급
원문 고민:
멋지게 살고 싶지만 방황중인 20대 후반, 취업 상담드립니다. 안녕하세요. 우연히 인스타 알고리즘의 선택을 받아 알게 되어 상담 글을 쓸까 말까 고민하다 다양한 시야의 조언을 받고 싶어 써봅니다. 1. 질문자 배경 - 나이 : 27 (여) - 학벌 : 지방 사립 4년제 경영,회계 계열 (3.95/4.5) - 사회생활 : 공공기관 인턴 2회 (6개월, 2~3개월), 병원 경영컨설팅(HR파트) 정규직 1년 (현재 3월 말까지 근무 후 퇴사) *퇴사 후 1년 정도는 준비할 금전적 여유(약 1,000만원 내외)가 있습니다. 필요 시 부모님의 도움도 일정부분은 받을 수 있구요. 2. 고민 가. 손해사정사 직무 선정의 합리성 여부 : 정규직 1년을 하면서 HR 같은 성과(KPI)가 모호한 직무, 지원부서의 업무와는 성향이 맞지 않다는 생각이 들었습니다. 저는 결과물이나 성과가 명확하게 드러나고, 상황을 정리/판단하는 업무에 흥미가 있습니다. 병원 컨설팅 회사에 있기도 했고 자연스레 손해사정사 자격증 취득 쪽으로 눈을 돌리게 된 것 같습니다. (올해 1차는 합격할 것으로 예상되고, 최종은 내년으로 예상합니다. 최종합격 이전에도 지원은 할 예정입니다.) 사실 제 나이에서 커리어를 전환하기에는 지금이 마지막 기회일 것 같아, 최대한 리스크를 회피하고 싶은 마음입니다. 보시기에 합리적인 선택일지, 다른 대안(직무)을 생각하는게 낫다면 어떤 선택지가 있을지 여쭙고 싶습니다. 나. 보험사 선호 인재, 스펙 : 원수사 신입으로 들어가는 건 지금 상태에서 나이나, 학벌이나, 자격증 뭐 하나 크게 뛰어난 게 없어 힘들 것 같습니다. 자회사도 조금 힘들 수 있을 것 같구요. 만약 1년 동안 지원을 계속하면서 보완할 수 있다면 어떤 부분을 채우는게 좋을지요? 또한 보험사에서 선호하는 인재 특징도 아시는게 있다면 궁금합니다ㅎㅎ",,2026-04-21T02:25:01Z,false,false,0,@uzzino___o,여,20대 후반
공대 전공생의 세무사 방향 고민,professional,건동홍 / 공대 / 건국대 3학년,"학력/배경: 건동홍 / 공대 / 건국대 3학년
나이대: 20대 후반
성별: 남
재정상태: 과외 병행
기초 정보: 영어 토익 860
원문 고민:
안녕하세요 이번에 건동홍 공대로 편입한 27살 남자입니다 편입을 준비하면서 진로를 고민하던중 세무사가 되고 싶다고 생각을 했는데 그 이유는 제 사업을 하고 싶은데 리스크가 적은게 전문직이라고 생각을 했습니다 세무사 준비를 추천 안해주시는 글을 봤습니다 저도 전문직 시험이 지금 고점이기 때문에 잘못하다가는 3~4년이 지날 수 있고 제가 합격하고 개업할때는 시장이 더 힘들어질 수 있다는거에 동의합니다 일단 저는 내년 1차 시험까지 학기 병행을 하며 시험을 준비할 예정입니다 세무사 시험은 1,2차 시험 난이도 차이가 많이 나기때문에 학기 병행으로 1차 정도는 붙어야지 졸업하고 유예로도 승산이 있다고 생각을 했습니다 만약 3차까지 하고 떨어진다면 은행을 준비하고 싶습니다 외적인 이미지가 괜찮기 때문에 마냥 유리하다고 생각을 하고 있지만 주변에 은행쪽에 취업한 친구들이 있어서 현실을 모르고 있습니다 팩트폭행 당하고 싶습니다",,2026-04-21T03:34:02Z,false,false,0,rothflwjsansrk,남,20대 후반
4의 진로 고민,professional,ㅇㅇ / ㅇㅇ / 4,"학력/배경: ㅇㅇ / ㅇㅇ / 4
나이대: 30대 초반
성별: 남
재정상태: 뀨뀨
학점/내신: 11
기초 정보: 영어 11 / 수학 ㅂㅂ
Vincent에게 하고 싶은 말: ㄴ
원문 고민:
네네",,2026-04-21T08:05:38Z,false,false,0,테스트,남,30대 초반
생명공학 전공생의 금융권 취업 준비 방향 고민,career,건동홍 / 생명공학 / 제약회사 재직 중,"학력/배경: 건동홍 / 생명공학 / 제약회사 재직 중
나이대: 30대 초반
성별: 여
재정상태: 현재 재직 중 직장병행만 생각하고 있습니다.
학점/내신: 3.5
기초 정보: 영어 토스ih 150 / 수학 수능 1-2등급
Vincent에게 하고 싶은 말: 이번주부터 이런 고민을 하기 시작했는데 알고리즘에 떠서 처음으로 보내봅니다.. 전문직이나 금융권 위주로 상담하시는 것 같은데 은행 릴스보고 고민 남깁니다. 보시게 된다면 현실적이고 냉정한 답변 부탁드립니다!!
원문 고민:
안녕하세요. 진로 관련 고민으로 상담 요청드립니다. 현재 이과 계열 중견기업에 재직 중이며, 초봉은 높지만 연봉 상승률과 업계 안정성에 대한 불안으로 이직을 고민하고 있습니다. 급여가 높고 비교적 안정적인 직업을 원하는데 은행밖에 떠오르질 않더라구요.. 현재 나이때문에 기은,국민, 농은으로 신입 공채를 다시 준비해볼지 고민 중입니다. 금융 관련 전공이나 스펙은 없고, 최근에 영어 스피킹은 따놨습니다. (3년 전 부모님이 시중 은행 재직 중이셔서 도움을 받아 시중 은행 최종 면접까지 간 경험이 있습니다. 그런데 준비를 하나도 못해서 면접 내용도 기억이 안납니다.. 그만큼 말아먹었습니다ㅠㅋ부모님도 이제 나이가 있어 힘들지 않을까 하시네요) 수리적 사고와 판단력은 강하지만 글자에는 약합니다. 은행 취업 준비 방향(자격증 포함)과 현실적인 가능성, 그리고 은행이 아니여도 현실적으로 고려해 볼만한 분야가 있을지 조언 부탁드립니다.",,2026-04-22T14:36:59Z,false,false,0,uxsoo,여,30대 초반
석사과정 3학기의 진로 고민,certificate,"건동홍 / 학부:철학, 대학원:기술경영 / 석사과정 3학기","학력/배경: 건동홍 / 학부:철학, 대학원:기술경영 / 석사과정 3학기
나이대: 20대 중반
성별: 남
재정상태: 부모님 용돈 받는 중
학점/내신: 학부: 4.3/4.5
기초 정보: 영어 아이엘츠 7 / 수학 수능 나형 1등급
Vincent에게 하고 싶은 말: 박사과정 진학도 고민하고 있습니다. 박사를 재무나 회계를 해서 금융권에 진입하는 것도 방법일까요..? 집에서 박사까진 해야한다고 해서요
원문 고민:
안녕하세요. 행님. 저는 대학원에서 기술경영을 전공하고 있습니다. 석사 과정이에요. 저는 vc를 하고 싶어서, 기술경영으로 진학을 한건데, 아무래도 학부랑 대학원에서 재무나 회계를 들은 적이 없어서, 면접 볼때마다 “기술 분석을 할 줄 아는건 알겠어요. 근데 재무나 회계를 볼 줄 모르면 심사역으론 부족한데요.”라는 말을 자주 들어서 고민이 많아서요ㅠㅠ이런 걸 극복해보고자 cfa를 공부해볼려고 하는데 cfa를 추천하시나요? 학부는 철학을 전공했고, 대학원에서라도 회계나 재무 수업을 들을려고 했는데 교수님이 못 듣게 해서요ㅠㅠㅠ",,2026-04-23T16:33:47Z,false,false,0,gradstudent_,남,20대 중반
경제학부 전공생의 회계사 준비 방향 고민,career,중경외시 / 경제학부 / 대학교 막학기 재학,"학력/배경: 중경외시 / 경제학부 / 대학교 막학기 재학
나이대: 20대 후반
성별: 남
재정상태: 부모님 용돈 및 여유 자금
학점/내신: 3.88/4.5
기초 정보: 영어 800 / 수학 수능 나형 1등급
Vincent에게 하고 싶은 말: 사기업과 공기업(금공, 그 외의 일반 공기업 경영직렬)을 동시에 준비하는 것이 맞는지 둘 중 하나를 선택해서 집중하는 것이 맞는 건지 갈피를 잘 못잡고 있습니다 ㅠㅠ
원문 고민:
안녕하세요! 그동안 올려주신 영상과 글들 덕분에 다양한 생각을 하며 고민을 하다가 이렇게 직접적으로 도움을 얻고자 고민을 올리게 되었습니다. 저는 군대 전역 후 코로나로 인해 계획했던 해외 배낭여행을 가지 못해 2022년에 휴학을 하고 다녀온 뒤, 2023년 Cpa에 도전했지만 1차도 붙지 못해 올해 처음으로 취준을 하게 된 상황입니다. 어느덧 나이가 29살이 되나보니 주변 친구들이나 동기들은 사회에서 점점 자리를 잡아가고 있는데 저만 뒤처진다는 생각에 그 선택에 후회는 없었지만 때때로는 지나간 시간(휴학 후, 해외여행과 CPA 도전)들을 돌이켜 보며 내가 너무 철이 없었나라는 생각도 하게 됩니다. 간략한 저의 지난 시간들은 여기까지만 이야기하고 우선, 제가 가장 고민이 되는 부분은 ‘현재 경력이 없고 나이도 있다보니 현실적인 전략’이 필요하다고 생각하는데 이에 대해 냉정한 조언을 얻고 싶습니다. 막학기를 다니면서 스펙이 급하다고 생각해서 재경관리사를 취득하였고 컴활 1급과 토스나 오픽을 추가로 취득할 계획입니다. 그러고 난 후, 하반기 공채를 대기업,중견기업은 재무직을 그리고 공기업은 경영직렬로 해서 지원을 해보려고 합니다. 다만, 위에서 말한 것과 같이 어느 정도의 선택과 집중이 필요하다고 생각하는데 이 부분에 있어 어떻게 해야할지를 잘 모르겠습니다...",,2026-04-24T12:14:07Z,false,false,0,youngyou___seo,남,20대 후반
회계학과 전공생의 회계사 방향 고민,professional,지방대 / 회계학과 / 4학년 휴학,"학력/배경: 지방대 / 회계학과 / 4학년 휴학
나이대: 20대 중반
성별: 여
재정상태: 부모님에게 지원받고 있습니다
학점/내신: 3.52/4.5
기초 정보: 영어 토익 965 ielts 7.0 / 수학 통합수능 4등급
원문 고민:
작년 9월부터 세무사 시험공부를 시작해서 오늘 1차 시험을 치르고 왔습니다. 가채점 결과로는 합격 점수가 나왔습니다. 1차는 어떻게 합격점수가 나왔지만, 2차 시험까지 합격할 자신이 없어 고민이 큽니다ㅜㅜ 1차 합격을 스펙으로 활용해 공기업이나 사기업 취업 준비를 시작할지, 아니면 2차 시험을 위해 내년 유예 기간까지 계속 도전해볼지 갈림길에 서 있습니다. 현재 취업을 위한 별도의 스펙은 없는 상태입니다. 다만 어릴 적 유학 경험이 있어 영어는 어느 정도 자신이 있어, AICPA에 도전하는 방향도 함께 고민하고 있습니다 조언 부탁드립니다",,2026-04-25T12:42:16Z,false,false,0,snowysiss,여,20대 중반
경영학 전공생의 금융권 취업 준비 방향 고민,career,건동홍 / 경영학 / 대학교 4학년,"학력/배경: 건동홍 / 경영학 / 대학교 4학년
나이대: 20대 중반
성별: 여
재정상태: 돈은 문제 없습니다
학점/내신: 3.4
기초 정보: 영어 900 / 수학 수능 나형 1등급
원문 고민:
개인적인 일(작은 사업)로 20살때부터 계속 돈을 벌어왔고 제 적성에 안 맞다고 생각해 취업을 하고싶습니다 주변 친구들은 전문직도 많이 준비하고 금융권 칼취업한 경우도 있어서 저도 어느정도 연봉을 받는 직장을 가고싶습니다 핑계이긴 하지만 학업과 일을 병행하다 보니 취업시장에서 제 경쟁력을 만들어놓지도 못했고 어떤 일이 적성에 맞는지도 잘 모르겠습니다 문과 특성상 금융권이 연봉보장이 되니 일단 가고싶은데 어떤 준비를 해야될지 여쭤봅니다 (제가 했던 일을 금융권과 관련은 없습니다)",,2026-04-26T04:30:48Z,false,false,0,_qazplm_3,여,20대 중반
통계학과 전공생의 금융권 취업 준비 방향 고민,career,국숭세단 / 통계학과 / 3-1까지 수료 후 휴학 중,"학력/배경: 국숭세단 / 통계학과 / 3-1까지 수료 후 휴학 중
나이대: 20대 중반
성별: 여
재정상태: 부모님께 용돈 받으며아르바이트 병행 중이고, 자격증이나 공부 등 진로와 관련된 부분은 부모님께서 지원해주십니다!
학점/내신: 3.8/4.5
기초 정보: 영어 토익 935 / 수학 수능 미적분 1등급
원문 고민:
3-1까지 수료 후 1년 휴학 중인 03년생 입니다. 카테고리를 어디로 해야할지 몰라 일단 여기에 남깁니다. 저는 재수를 해서 대학에 왔는데요, 목표했던 학교를 가지 못했지만 삼수를 하는 건 아닌 거 같아 결국 성적에 맞춰 대학을 오게 되었습니다. 3-1까지 수료 후 보험계리사 시험과 다른 시험준비를 위해 1년 휴학했습니다. 계리사 시험은 가채점 결과 회계 때문에 과락이 나올 거 같습니다. 시험 응시 후 처음에는 아쉬운 마음에 학기 병행하면서 내년에 다시 응시할까 고민하다가 흘러흘러 여기까지 왔습니다. 계리사 시험 결과는 비록 불합을 예상하지만, 그 외의 부분은 휴학할 때 계획했던 대로 자격증을 따고 공부하며 시간을 보내고 있는데 취업준비를 하다보니 자꾸 학벌이 마음에 안 들어 고민입니다. 저는 보험사나 증권사 분야에서 근무하고 싶은데, 학벌이 전부는 아니겠지만 찾아보니 해당 분야는 어쨌든 출신 대학을 많이 본다고 해서 자꾸만 학벌에 집착하게 됩니다. 대입 당시 가지고 있던 학벌에 대한 컴플렉스를 누르고 살다가 편입을 하게 되면 미적분과 경제수학을 공부해야 하는데 경제와 수학은 계리사 시험 준비하면서도 많이 했고, 과목 성적만 놓고보면 나쁘지 않다는 생각에 편입준비에 자꾸 마음이 치우칩니다. 그렇지만 이미 재수+휴학으로 남들보다 늦다는 생각이 들어 편입준비는 결과가 어떻게 될지도 모르는데 이 나이에 그냥 제 욕심인가 싶슴니다. 현실적으로 그냥 현재 제 상황에서 최대한 취업을 위해 노력하는 게 맞나 싶기도 하네요... 일단 2학기 때 복학은 하긴 해야할텐데 들어야 하는 학점이 많지는 않습니다.",,2026-04-26T05:31:18Z,false,false,0,namelesxcat,여,20대 중반
수학통계학과 학생의 편입 방향 고민,major,국숭세단 / 수학통계학과 / 3학년 재학중,"학력/배경: 국숭세단 / 수학통계학과 / 3학년 재학중
나이대: 20대 중반
성별: 남
재정상태: 과외 2개, 용돈, 여유자금 3백만원
학점/내신: 3.0/4.5
기초 정보: 영어 660 / 수학 가형 3등급
Vincent에게 하고 싶은 말: 항상 잘보고 있습니다!
원문 고민:
전적대 지거국 공대에서 금융권 취업을 위해 올해 편입으로 아주대 금융공학과와 국숭세 라인의 수학통계학과를 고민하다 거주지가 서울이라는 이유로 커리큘럼도 제대로 보지 않고 수학통계학과로 입학하였습니다. 근데 입학 후 커리큘럼을 보니 5년전부터 수학과와 통계학과가 통합되어 수학과 전공과 통계학과 전공을 듣게 되었고 이러한 과정이 나중에 취업시장에서 애매한 포지션으로 남지않을까하는 걱정이 됩니다. 그리고 생각보다 학교에 금융권 진출 선배님들이 많지 않은 것 같아 (제가 잘 모르는걸수도 있습니다) 네트워킹 측면에서도 걱정이 됩니다. 마지막으로 금융권은 대학벨류를 많이 본다는 정보를 들어서 더욱 불안함 감이 있습니다. 현재 02년생 25살 군필 남학생으로서 재편입 시 나이로는 3수생이 되는데 올해 다시 한번 편입으로 대학벨류를 높이는것에 대해 어떻게 생각하는지 여쭤보고싶습니다. 작년 결과를 보면 저의 한계는 건동홍 국숭세 라인이라고 생각되어 그냥 다닐려고 하였지만 이러한 애매한 포지션으로 취업시장에 들어가기는 싫어 고민을 남겨봅니다. 이러한 불확실성에 한번 더 도전하는것이 맞는것일까요? 만약 편입을 한다면 수학만 보는 한양대 중앙대 경희대 시립대만 지원할 것 같습니다.",,2026-04-26T13:04:29Z,false,false,0,y_dhwa,남,20대 중반
법/경제(복전) 전공생의 세무사 방향 고민,professional,건동홍 / 법/경제(복전) / 대졸/재직 중,"학력/배경: 건동홍 / 법/경제(복전) / 대졸/재직 중
나이대: 20대 후반
성별: 남
재정상태: 월급/6-7천만웡
학점/내신: 3.5
기초 정보: 영어 오픽 IH
Vincent에게 하고 싶은 말: 제 사연 읽어주셔서 감사드립니다! 항상 잘 보고 있습니다!!
원문 고민:
현재 관세사로 근무하고 있습니다. 빅4회계법인 중 ‘삼’으로 시작하는 두 곳중 한 곳의 회계법인 산하 관세법인(TAX본부) 다니고 있습니다. 아무래도 회계법인 연봉테이블로 받다보니까 급여 자체는 나쁘지는 않은데 문제는 시즌 없이 일년 내내 바쁘고 매일 야근을 하다 보니 이곳에서 계속 다니는 것이 올바른 길인가 생각이 자주 듭니다. 그렇다고 작은 관세 파이 시장에서 개업을 하는 것도 두렵고 해서, 변호사(리틀 자신이 없어서 사실 상 포기)나 세무사를 추가적으로 공부해서 개업을 하는 것도 생각해보았습니다. 그러나 이제 한국나이 20대 극후반 끝자락에서 다시 고시생을 하자니 두렵기도 하고 된다는 보장도 없고 ai다뭐다 말도 많고, 공부기간 동안 돈도 벌지 못하고.. 고민이 됩니다. 사기업 등 취직이나, 전문직 고시, 혹은 현재 다니고 있는 법인에서의 재직 등등 객관적인 조언이 절실히 필요합니다.. 매일매일 힘든 삶속에서 혼자 고민만 하다가 제 상황 말씀드립니다. 감사드립니다!",,2026-04-26T14:57:30Z,false,false,0,o,남,20대 후반
법/경제(복전) 전공생의 관세사 방향 고민,professional,건동홍 / 법/경제(복전) / 대졸/재직 중,"학력/배경: 건동홍 / 법/경제(복전) / 대졸/재직 중
나이대: 20대 후반
성별: 남
학점/내신: 3.5/4.5
기초 정보: 영어 오픽 IH
원문 고민:
조금 전에 회계법인 재직중인 관세사로 상담 남겼었습니다. 추가적으로 말씀드리면 24년 초부터 3년차 관세사이며 현재 업무상 혹은 이직 및 공부 대비 차 재경관리사 공부중입니다. 이전 내용과 함께 봐주시면 감사하겠습니다! :)",,2026-04-26T15:29:12Z,false,false,0,o,남,20대 후반
토목공학 전공생의 세무사 방향 고민,professional,서성한 / 토목공학 / 재직 중,"학력/배경: 서성한 / 토목공학 / 재직 중
나이대: 30대 초반
성별: 여
재정상태: 세후 300, 월세 65, 나머지 투자 여유자금 3천
학점/내신: 3.1/4.5 (대학원 4.0/4.5)
기초 정보: 영어 6년전이 마지막입미다.. / 수학 수능 가형 3등급
Vincent에게 하고 싶은 말: 두서없고 노답인 글 읽어주셔서 감사합니다. 결혼적령기 + 아이생각이 있다보니 제 방향을 설정하기에 마비가 옵니다. 결혼과 아이 생각 안했으면 그냥 세무사 공부했을 것 같습니다.. 평소 인스타 잘보고 있습니다. 그간 어찌 이리 노력해오셨나요.. 감사합니다.
원문 고민:
대학원 졸업 후 공공기관 연구직으로 3년을 일했는데, 석사는 계약직으로 밖에 살아갈 수가 없어 고민이 많습니다. 계약직이어도 1년마다 과제 단위로 재계약을 하는데 이 일도 40이면 끝일 것 같다는 생각이 들어요. 박사를 진학해도 5-6년 걸리고, 졸업 후에도 계약직 인생 전전하다 정규직 겨우 붙을거면 애초에 전문직으로 그 시간과 노력을 들이는게 맞지않나 싶습니다. 전문직은 세무사나 한의대 학사편입을 고민중에 있는데 결혼 적령기라 진입이 조금 두렵습니다(여자입니다). 세무사는 자격증 취득 후 바로 개업하여 생활을 영위할 수 있지만, AI 대체 가능성 및 제 나이와 경력으로 영업에 살아남을 수 있을지도 의문이긴 합니다. 한의대 편입은 2년 시험공부, 5년 본과생활 하면 거의 40인데 그 이후로도 페이닥터 생활을 하면 그만한 성과를 거둘 수 있을까 싶기도 하고요.. 지금 나이에 사기업을 들어갈 수 있을까요? 현실적으로 중소나 중견이라도 정규직 들어가는게 맞나 싶기도 하고 ㅠ 취집이나 할걸 싶기도 하고요.. 여자가 경제력이 있어야 집안도 화목할 것이다를 믿고 있었는데 아이 낳으면 경력단절 되는데 무슨 상관이냐 싶은 마음입니다.",,2026-04-26T23:35:59Z,false,false,0,innerareao,여,30대 초반
경제 전공생의 감정평가사 준비 방향 고민,career,지거국 / 경제 / 대학생 3-2,"학력/배경: 지거국 / 경제 / 대학생 3-2
나이대: 20대 중반
성별: 여
재정상태: 용돈40+알바40
학점/내신: 3.3
기초 정보: 영어 토익790 수능 영어1등급 / 수학 나형2등급
원문 고민:
안녕하세요! 02년생 21학번 대학생입니다. 진로를 방황하다 대학교 2-2 때 감평사에 진입했습니다. 바로1차합하고 2차 유예에서 떨어지고, 작년에 1차 한번을 붙고 그 해 2차에 떨어졌습니다. 올해도 기회가 남아있지만 체력적 멘탈적으로도 힘들어 발표이후에는 새로운 진로를 생각하고있습니다. 공부하느라 빵빵한 스펙도 없고, 학점도 높지 않고 자격증도 사실 전무합니다.. 저는 단순히 학점 낮고 스펙쌓기 싫어서 공기업만 생각하고 있는데.. 지금은 컴활/공인중개사(작년에1차합) 자격증 준비를 하고있으며 올해 학점인정되는 공공기관 현장실습도 지원하려합니다. 저같은 상황에서 해줄만한 조언이 있으신지 궁급합니다. 객관적인 시각에서 조언을 듣고 싶어요!",,2026-04-27T01:55:51Z,false,false,0,fightinghazahaha,여,20대 중반
ㅇㄴㅇㄴㅇㅇㄴ의 진로 고민,etc,dsdsd / dsdsd / ㅇㄴㅇㄴㅇㅇㄴ,"학력/배경: dsdsd / dsdsd / ㅇㄴㅇㄴㅇㅇㄴ
나이대: 10대 초반
성별: 남
재정상태: dfdfd
학점/내신: 21312
기초 정보: 영어 cxs / 수학 fdf
Vincent에게 하고 싶은 말: fdfdf
원문 고민:
fdf",,2026-04-27T03:35:17Z,false,false,0,ㅇㄴㅇㄴㅇ,남,10대 초반
dsds의 진로 고민,professional,dsds / dsdsd / dsds,"학력/배경: dsds / dsdsd / dsds
나이대: 120대 초반
성별: 남
재정상태: dsds
학점/내신: 12
기초 정보: 영어 dsds / 수학 dsdsd
Vincent에게 하고 싶은 말: dsds
원문 고민:
dsd",,2026-04-27T03:40:32Z,false,false,0,dsd,남,120대 초반
ㅇㄴ의 진로 고민,career,ㅇㄴㅇㄴㅇ / ㄴㅇㄴㅇ / ㅇㄴ,"학력/배경: ㅇㄴㅇㄴㅇ / ㄴㅇㄴㅇ / ㅇㄴ
나이대: 10대 초반
성별: 남
재정상태: ㅇㄴㅇㄴ
학점/내신: 11
기초 정보: 영어 ㅇㄴㅇ / 수학 1ㅇㄴ
Vincent에게 하고 싶은 말: ㅇㄴㅇ
원문 고민:
ㄴㅇㅇ",,2026-04-27T03:43:20Z,false,false,0,ㅇㄴ,남,10대 초반
ㅇㄴㅇㄴㅇ 전공 선택 방향 고민,major,ㅇㄴㅇㄴ / ㅇㄴㅇㄴㅇ / ㄴㅇㄴ,"학력/배경: ㅇㄴㅇㄴ / ㅇㄴㅇㄴㅇ / ㄴㅇㄴ
나이대: 10대 초반
성별: 남
재정상태: 11
학점/내신: ㄴㅇ11
기초 정보: 영어 11 / 수학 11
원문 고민:
11",,2026-04-27T03:45:24Z,false,false,0,ㄴㅇㄴㅇ,남,10대 초반
123의 진로 고민,professional,123123 / 21321 / 123,"학력/배경: 123123 / 21321 / 123
나이대: 120대 초반
성별: 남
재정상태: 31232
학점/내신: 3213231
기초 정보: 영어 3123 / 수학 3123
원문 고민:
3123",,2026-04-27T03:46:53Z,false,false,0,123,남,120대 초반
123의 진로 고민,career,123 / 123 / 123,"학력/배경: 123 / 123 / 123
나이대: 120대 초반
성별: 남
재정상태: 123
학점/내신: 123
원문 고민:
123",,2026-04-27T03:49:47Z,false,false,0,123,남,120대 초반
1231의 진로 고민,professional,ㅇㄴㅇㄴ / ㅇㄴㅇ / 1231,"학력/배경: ㅇㄴㅇㄴ / ㅇㄴㅇ / 1231
나이대: 120대 초반
성별: 남
원문 고민:
ㅇㄴ",,2026-04-27T03:51:47Z,false,false,0,123,남,120대 초반
1231의 진로 고민,professional,테스트대 / ㅇㄴㅇㄴ / 1231,"학력/배경: 테스트대 / ㅇㄴㅇㄴ / 1231
나이대: 120대 초반
성별: 남
재정상태: 11
학점/내신: ㅇㄴㅇㄴㅇ
기초 정보: 영어 11 / 수학 11
원문 고민:
미기재",,2026-04-27T04:34:10Z,false,false,0,123,남,120대 초반
ㅇㄴㅇ의 진로 고민,certificate,테스트 / 테스트 / ㅇㄴㅇ,"학력/배경: 테스트 / 테스트 / ㅇㄴㅇ
나이대: 110대 초반
성별: 남
재정상태: 테스트
학점/내신: 테스트
기초 정보: 영어 테스트 / 수학 테스트
원문 고민:
테스트",,2026-04-27T04:39:06Z,false,false,0,ㅇㄴㅇㄴ,남,110대 초반
dsds의 진로 고민,professional,성대 / 통계 / dsds,"학력/배경: 성대 / 통계 / dsds
나이대: 10대 초반
성별: 남
재정상태: 진짜 배고픕니다.
학점/내신: 4.3
기초 정보: 영어 990 / 수학 11
원문 고민:
배고파요",,2026-04-27T04:56:34Z,false,false,0,vincent test1,남,10대 초반
테스트1,professional,ㅇㄴㅇㄴ / ㅇㄴㅇㄴ / ㅇㄴㅇㄴ,"학력/배경: ㅇㄴㅇㄴ / ㅇㄴㅇㄴ / ㅇㄴㅇㄴ
나이대: 10대 초반
성별: 남
재정상태: ㅇㄴㅇㄴ
학점/내신: ㅇㄴㅇ
기초 정보: 영어 ㅇㄴㅇㄴㅇ / 수학 ㄴㅇㄴㅇㄴ
Vincent에게 하고 싶은 말: ㅇㄴㅇㄴ
원문 고민:
ㅇㄴ",,2026-04-27T05:18:57Z,false,false,0,ㅇㄴㅇㄴ,남,10대 초반
